-- MySQL dump 10.13  Distrib 5.7.21, for Linux (x86_64)
--
-- Host: localhost    Database: db
-- ------------------------------------------------------
-- Server version	5.7.21

/*!40101 SET @OLD_CHARACTER_SET_CLIENT=@@CHARACTER_SET_CLIENT */;
/*!40101 SET @OLD_CHARACTER_SET_RESULTS=@@CHARACTER_SET_RESULTS */;
/*!40101 SET @OLD_COLLATION_CONNECTION=@@COLLATION_CONNECTION */;
/*!40101 SET NAMES utf8 */;
/*!40103 SET @OLD_TIME_ZONE=@@TIME_ZONE */;
/*!40103 SET TIME_ZONE='+00:00' */;
/*!40014 SET @OLD_UNIQUE_CHECKS=@@UNIQUE_CHECKS, UNIQUE_CHECKS=0 */;
/*!40014 SET @OLD_FOREIGN_KEY_CHECKS=@@FOREIGN_KEY_CHECKS, FOREIGN_KEY_CHECKS=0 */;
/*!40101 SET @OLD_SQL_MODE=@@SQL_MODE, SQL_MODE='NO_AUTO_VALUE_ON_ZERO' */;
/*!40111 SET @OLD_SQL_NOTES=@@SQL_NOTES, SQL_NOTES=0 */;

--
-- Table structure for table `answers`
--

DROP TABLE IF EXISTS `answers`;
/*!40101 SET @saved_cs_client     = @@character_set_client */;
/*!40101 SET character_set_client = utf8 */;
CREATE TABLE `answers` (
  `id` int(11) unsigned NOT NULL AUTO_INCREMENT,
  `name` varchar(255) NOT NULL DEFAULT '',
  `created_at` datetime NOT NULL DEFAULT CURRENT_TIMESTAMP ON UPDATE CURRENT_TIMESTAMP,
  `updated_at` datetime NOT NULL DEFAULT CURRENT_TIMESTAMP ON UPDATE CURRENT_TIMESTAMP,
  `deleted_at` datetime DEFAULT NULL,
  PRIMARY KEY (`id`)
) ENGINE=InnoDB AUTO_INCREMENT=41 DEFAULT CHARSET=utf8;
/*!40101 SET character_set_client = @saved_cs_client */;

--
-- Dumping data for table `answers`
--

LOCK TABLES `answers` WRITE;
/*!40000 ALTER TABLE `answers` DISABLE KEYS */;
INSERT INTO `answers` VALUES (1,'JVM','2018-04-29 04:34:04','2018-04-29 04:34:04',NULL),(2,'Coffee Machine','2018-04-29 04:34:04','2018-04-29 04:34:04',NULL),(3,'JSM','2018-04-29 04:34:04','2018-04-29 04:34:04',NULL),(4,'Localhost','2018-04-29 04:34:04','2018-04-29 04:34:04',NULL),(5,'JVM','2018-04-29 04:37:15','2018-04-29 04:37:15',NULL),(6,'Coffee Machine','2018-04-29 04:37:15','2018-04-29 04:37:15',NULL),(7,'JSM','2018-04-29 04:37:15','2018-04-29 04:37:15',NULL),(8,'Localhost','2018-04-29 04:37:15','2018-04-29 04:37:15',NULL),(9,'JVM','2018-04-29 04:41:18','2018-04-29 04:41:18',NULL),(10,'Coffee Machine','2018-04-29 04:41:18','2018-04-29 04:41:18',NULL),(11,'JSM','2018-04-29 04:41:18','2018-04-29 04:41:18',NULL),(12,'Localhost','2018-04-29 04:41:18','2018-04-29 04:41:18',NULL),(13,'JVM','2018-04-29 04:44:01','2018-04-29 04:44:01',NULL),(14,'Coffee Machine','2018-04-29 04:44:01','2018-04-29 04:44:01',NULL),(15,'JSM','2018-04-29 04:44:01','2018-04-29 04:44:01',NULL),(16,'Localhost','2018-04-29 04:44:01','2018-04-29 04:44:01',NULL),(17,'JVM','2018-04-29 06:25:38','2018-04-29 06:25:38',NULL),(18,'Coffee Machine','2018-04-29 06:25:38','2018-04-29 06:25:38',NULL),(19,'JSM','2018-04-29 06:25:38','2018-04-29 06:25:38',NULL),(20,'Localhost','2018-04-29 06:25:38','2018-04-29 06:25:38',NULL),(21,'3','2018-04-29 08:38:30','2018-04-29 08:38:30',NULL),(22,'12','2018-04-29 08:38:30','2018-04-29 08:38:30',NULL),(23,'2','2018-04-29 08:38:30','2018-04-29 08:38:30',NULL),(24,'1','2018-04-29 08:38:30','2018-04-29 08:38:30',NULL),(25,'3','2018-04-29 08:40:47','2018-04-29 08:40:47',NULL),(26,'12','2018-04-29 08:40:47','2018-04-29 08:40:47',NULL),(27,'2','2018-04-29 08:40:47','2018-04-29 08:40:47',NULL),(28,'1','2018-04-29 08:40:47','2018-04-29 08:40:47',NULL),(29,'1','2018-04-29 13:10:31','2018-04-29 13:10:31',NULL),(30,'2','2018-04-29 13:10:31','2018-04-29 13:10:31',NULL),(31,'4','2018-04-29 13:10:31','2018-04-29 13:10:31',NULL),(32,'8','2018-04-29 13:10:31','2018-04-29 13:10:31',NULL),(33,'1','2018-04-29 13:10:42','2018-04-29 13:10:42',NULL),(34,'2','2018-04-29 13:10:42','2018-04-29 13:10:42',NULL),(35,'4','2018-04-29 13:10:42','2018-04-29 13:10:42',NULL),(36,'8','2018-04-29 13:10:42','2018-04-29 13:10:42',NULL),(37,'1','2018-04-29 13:10:58','2018-04-29 13:10:58',NULL),(38,'2','2018-04-29 13:10:58','2018-04-29 13:10:58',NULL),(39,'4','2018-04-29 13:10:58','2018-04-29 13:10:58',NULL),(40,'8','2018-04-29 13:10:58','2018-04-29 13:10:58',NULL);
/*!40000 ALTER TABLE `answers` ENABLE KEYS */;
UNLOCK TABLES;

--
-- Table structure for table `classes`
--

DROP TABLE IF EXISTS `classes`;
/*!40101 SET @saved_cs_client     = @@character_set_client */;
/*!40101 SET character_set_client = utf8 */;
CREATE TABLE `classes` (
  `id` int(11) unsigned NOT NULL AUTO_INCREMENT,
  `name` varchar(255) NOT NULL DEFAULT '',
  `school_id` int(11) NOT NULL,
  `term` varchar(255) NOT NULL DEFAULT '',
  `class_code` varchar(255) NOT NULL DEFAULT '',
  `created_at` datetime NOT NULL DEFAULT CURRENT_TIMESTAMP ON UPDATE CURRENT_TIMESTAMP,
  `updated_at` datetime NOT NULL DEFAULT CURRENT_TIMESTAMP ON UPDATE CURRENT_TIMESTAMP,
  `deleted_at` datetime DEFAULT NULL,
  `instructor_id` int(11) DEFAULT NULL,
  PRIMARY KEY (`id`)
) ENGINE=InnoDB AUTO_INCREMENT=5 DEFAULT CHARSET=utf8;
/*!40101 SET character_set_client = @saved_cs_client */;

--
-- Dumping data for table `classes`
--

LOCK TABLES `classes` WRITE;
/*!40000 ALTER TABLE `classes` DISABLE KEYS */;
INSERT INTO `classes` VALUES (1,'System Programming',834,'Fall2018','CS233','2018-04-17 01:25:43','2018-04-17 01:25:43',NULL,NULL),(2,'Intro to Computer Science',834,'Spring 2018','','2018-04-29 01:44:38','2018-04-29 01:44:38',NULL,6),(3,'Intro to Computer Science',834,'Spring 2018','CS125','2018-04-29 01:57:12','2018-04-29 01:57:12',NULL,6),(4,'Systems Programming',834,'Spring 2018','CS241','2018-04-29 08:23:33','2018-04-29 08:23:33',NULL,6);
/*!40000 ALTER TABLE `classes` ENABLE KEYS */;
UNLOCK TABLES;

--
-- Table structure for table `folders`
--

DROP TABLE IF EXISTS `folders`;
/*!40101 SET @saved_cs_client     = @@character_set_client */;
/*!40101 SET character_set_client = utf8 */;
CREATE TABLE `folders` (
  `id` int(11) unsigned NOT NULL AUTO_INCREMENT,
  `class_id` int(11) NOT NULL,
  `name` varchar(255) NOT NULL DEFAULT '',
  `created_at` datetime NOT NULL DEFAULT CURRENT_TIMESTAMP,
  `updated_at` datetime NOT NULL DEFAULT CURRENT_TIMESTAMP ON UPDATE CURRENT_TIMESTAMP,
  `deleted_at` datetime DEFAULT NULL,
  `description` varchar(255) DEFAULT NULL,
  PRIMARY KEY (`id`)
) ENGINE=InnoDB AUTO_INCREMENT=25 DEFAULT CHARSET=utf8;
/*!40101 SET character_set_client = @saved_cs_client */;

--
-- Dumping data for table `folders`
--

LOCK TABLES `folders` WRITE;
/*!40000 ALTER TABLE `folders` DISABLE KEYS */;
INSERT INTO `folders` VALUES (1,3,'Java','2018-04-29 02:01:19','2018-04-29 02:08:46',NULL,'****'),(2,3,'Variables','2018-04-29 02:08:51','2018-04-29 02:08:51',NULL,'Questions about initializing and assigning variables'),(3,0,'Introduction','2018-04-29 08:27:29','2018-04-29 08:27:29',NULL,'Overview of C '),(4,0,'Introduction','2018-04-29 08:27:43','2018-04-29 08:27:43',NULL,'Overview of C '),(5,0,'Introduction','2018-04-29 08:27:53','2018-04-29 08:27:53',NULL,'Overview of C '),(6,0,'Introduction','2018-04-29 08:27:54','2018-04-29 08:27:54',NULL,'Overview of C '),(7,0,'Introduction','2018-04-29 08:27:55','2018-04-29 08:27:55',NULL,'Overview of C '),(8,0,'Introduction','2018-04-29 08:27:55','2018-04-29 08:27:55',NULL,'Overview of C '),(9,0,'Introduction','2018-04-29 08:27:55','2018-04-29 08:27:55',NULL,'Overview of C '),(10,0,'Introduction','2018-04-29 08:27:57','2018-04-29 08:27:57',NULL,'Overview of C '),(11,0,'Introduction','2018-04-29 08:28:40','2018-04-29 08:28:40',NULL,'Overview of C '),(12,0,'Introduction','2018-04-29 08:28:41','2018-04-29 08:28:41',NULL,'Overview of C '),(13,0,'Introduction','2018-04-29 08:28:41','2018-04-29 08:28:41',NULL,'Overview of C '),(14,0,'Introduction','2018-04-29 08:28:41','2018-04-29 08:28:41',NULL,'Overview of C '),(15,0,'Introduction','2018-04-29 08:28:41','2018-04-29 08:28:41',NULL,'Overview of C '),(16,0,'Introduction','2018-04-29 08:28:42','2018-04-29 08:28:42',NULL,'Overview of C '),(17,0,'Introduction','2018-04-29 08:28:43','2018-04-29 08:28:43',NULL,'Overview of C '),(18,0,'Introduction','2018-04-29 08:28:43','2018-04-29 08:28:43',NULL,'Overview of C '),(19,0,'Introduction','2018-04-29 08:28:43','2018-04-29 08:28:43',NULL,'Overview of C '),(20,0,'Introduction','2018-04-29 08:28:44','2018-04-29 08:28:44',NULL,'Overview of C '),(21,0,'Introduction','2018-04-29 08:28:44','2018-04-29 08:28:44',NULL,'Overview of C '),(22,0,'Introduction','2018-04-29 08:28:44','2018-04-29 08:28:44',NULL,'Overview of C '),(23,0,'Introduction','2018-04-29 08:29:23','2018-04-29 08:29:23',NULL,'Overview of C'),(24,4,'Introduction','2018-04-29 08:35:16','2018-04-29 08:35:16',NULL,'Overview of C');
/*!40000 ALTER TABLE `folders` ENABLE KEYS */;
UNLOCK TABLES;

--
-- Table structure for table `question_tag_assoc`
--

DROP TABLE IF EXISTS `question_tag_assoc`;
/*!40101 SET @saved_cs_client     = @@character_set_client */;
/*!40101 SET character_set_client = utf8 */;
CREATE TABLE `question_tag_assoc` (
  `id` int(11) unsigned NOT NULL AUTO_INCREMENT,
  `question_id` int(11) NOT NULL,
  `tag_id` int(11) NOT NULL,
  `created_at` datetime NOT NULL DEFAULT CURRENT_TIMESTAMP ON UPDATE CURRENT_TIMESTAMP,
  `updated_at` datetime NOT NULL DEFAULT CURRENT_TIMESTAMP ON UPDATE CURRENT_TIMESTAMP,
  `deleted_at` datetime DEFAULT NULL,
  PRIMARY KEY (`id`)
) ENGINE=InnoDB AUTO_INCREMENT=6 DEFAULT CHARSET=utf8;
/*!40101 SET character_set_client = @saved_cs_client */;

--
-- Dumping data for table `question_tag_assoc`
--

LOCK TABLES `question_tag_assoc` WRITE;
/*!40000 ALTER TABLE `question_tag_assoc` DISABLE KEYS */;
INSERT INTO `question_tag_assoc` VALUES (1,5,1,'2018-04-29 08:40:47','2018-04-29 08:40:47',NULL),(2,5,2,'2018-04-29 08:40:47','2018-04-29 08:40:47',NULL),(3,5,3,'2018-04-29 08:40:47','2018-04-29 08:40:47',NULL),(4,6,4,'2018-04-29 13:10:31','2018-04-29 13:10:31',NULL),(5,6,5,'2018-04-29 13:10:31','2018-04-29 13:10:31',NULL);
/*!40000 ALTER TABLE `question_tag_assoc` ENABLE KEYS */;
UNLOCK TABLES;

--
-- Table structure for table `questions`
--

DROP TABLE IF EXISTS `questions`;
/*!40101 SET @saved_cs_client     = @@character_set_client */;
/*!40101 SET character_set_client = utf8 */;
CREATE TABLE `questions` (
  `id` int(11) unsigned NOT NULL AUTO_INCREMENT,
  `question` varchar(255) NOT NULL DEFAULT '',
  `folder_id` int(11) NOT NULL,
  `instructor_id` int(11) NOT NULL,
  `answer_1` int(11) NOT NULL,
  `answer_2` int(11) NOT NULL,
  `answer_3` int(11) NOT NULL,
  `answer_4` int(11) NOT NULL,
  `correct_answer_id` int(11) NOT NULL,
  `created_at` datetime NOT NULL DEFAULT CURRENT_TIMESTAMP ON UPDATE CURRENT_TIMESTAMP,
  `updated_at` datetime NOT NULL DEFAULT CURRENT_TIMESTAMP ON UPDATE CURRENT_TIMESTAMP,
  `deleted_at` datetime DEFAULT NULL,
  PRIMARY KEY (`id`)
) ENGINE=InnoDB AUTO_INCREMENT=9 DEFAULT CHARSET=utf8;
/*!40101 SET character_set_client = @saved_cs_client */;

--
-- Dumping data for table `questions`
--

LOCK TABLES `questions` WRITE;
/*!40000 ALTER TABLE `questions` DISABLE KEYS */;
INSERT INTO `questions` VALUES (1,'',1,6,5,6,7,8,0,'2018-04-29 08:12:40','2018-04-29 08:12:40',NULL),(2,'',1,6,9,10,11,12,0,'2018-04-29 08:12:40','2018-04-29 08:12:40',NULL),(3,'What does Java run on',1,6,13,14,15,16,0,'2018-04-29 08:12:40','2018-04-29 08:12:40',NULL),(4,'What does Java run on',1,6,17,18,19,20,0,'2018-04-29 06:25:38','2018-04-29 06:25:38',NULL),(5,'If x = 1 and y = 2 and z = x * y, what is z?',1,6,25,26,27,28,0,'2018-04-29 08:40:47','2018-04-29 08:40:47',NULL),(6,'How many bytes are in a long',24,6,29,30,31,32,2,'2018-04-29 13:10:31','2018-04-29 13:10:31',NULL),(7,'How many bytes are in a long',24,6,33,34,35,36,2,'2018-04-29 13:10:42','2018-04-29 13:10:42',NULL),(8,'How many bytes are in a long',24,6,37,38,39,40,2,'2018-04-29 13:10:58','2018-04-29 13:10:58',NULL);
/*!40000 ALTER TABLE `questions` ENABLE KEYS */;
UNLOCK TABLES;

--
-- Table structure for table `ratings`
--

DROP TABLE IF EXISTS `ratings`;
/*!40101 SET @saved_cs_client     = @@character_set_client */;
/*!40101 SET character_set_client = utf8 */;
CREATE TABLE `ratings` (
  `id` int(11) unsigned NOT NULL AUTO_INCREMENT,
  `rating_1` int(11) NOT NULL,
  `rating_2` int(11) NOT NULL,
  `rating_3` int(11) NOT NULL,
  `rating_4` int(11) NOT NULL,
  `created_at` datetime NOT NULL DEFAULT CURRENT_TIMESTAMP ON UPDATE CURRENT_TIMESTAMP,
  `updated_at` datetime NOT NULL DEFAULT CURRENT_TIMESTAMP ON UPDATE CURRENT_TIMESTAMP,
  `deleted_at` datetime DEFAULT NULL,
  PRIMARY KEY (`id`)
) ENGINE=InnoDB AUTO_INCREMENT=7 DEFAULT CHARSET=utf8;
/*!40101 SET character_set_client = @saved_cs_client */;

--
-- Dumping data for table `ratings`
--

LOCK TABLES `ratings` WRITE;
/*!40000 ALTER TABLE `ratings` DISABLE KEYS */;
INSERT INTO `ratings` VALUES (1,10,20,30,40,'2018-04-29 06:09:13','2018-04-29 06:09:13',NULL),(2,10,20,30,40,'2018-04-29 06:11:58','2018-04-29 06:11:58',NULL),(3,20,30,40,50,'2018-04-29 06:25:34','2018-04-29 06:25:34',NULL),(4,10,6,3,0,'2018-04-29 12:24:54','2018-04-29 12:24:54',NULL),(5,10,6,3,0,'2018-04-29 12:25:31','2018-04-29 12:25:31',NULL),(6,10,6,3,0,'2018-04-29 12:25:35','2018-04-29 12:25:35',NULL);
/*!40000 ALTER TABLE `ratings` ENABLE KEYS */;
UNLOCK TABLES;

--
-- Table structure for table `schools`
--

DROP TABLE IF EXISTS `schools`;
/*!40101 SET @saved_cs_client     = @@character_set_client */;
/*!40101 SET character_set_client = utf8 */;
CREATE TABLE `schools` (
  `id` int(11) unsigned NOT NULL AUTO_INCREMENT,
  `name` varchar(255) NOT NULL DEFAULT '',
  `domain` varchar(255) NOT NULL DEFAULT '',
  `created_at` datetime NOT NULL DEFAULT CURRENT_TIMESTAMP ON UPDATE CURRENT_TIMESTAMP,
  `updated_at` datetime NOT NULL DEFAULT CURRENT_TIMESTAMP ON UPDATE CURRENT_TIMESTAMP,
  `deleted_at` datetime DEFAULT NULL,
  PRIMARY KEY (`id`)
) ENGINE=InnoDB AUTO_INCREMENT=1067 DEFAULT CHARSET=utf8;
/*!40101 SET character_set_client = @saved_cs_client */;

--
-- Dumping data for table `schools`
--

LOCK TABLES `schools` WRITE;
/*!40000 ALTER TABLE `schools` DISABLE KEYS */;
INSERT INTO `schools` VALUES (1,'AbileneChristianUniversity','acu.edu','2018-04-16 01:19:33','2018-04-16 01:19:33',NULL),(2,'AdelphiUniversity','adelphi.edu','2018-04-16 01:19:33','2018-04-16 01:19:33',NULL),(3,'AgnesScottCollege','scottlan.edu','2018-04-16 01:19:33','2018-04-16 01:19:33',NULL),(4,'AirForceInstituteofTechnology','afit.af.mil','2018-04-16 01:19:33','2018-04-16 01:19:33',NULL),(5,'AlabamaA&MUniversity','aamu.edu','2018-04-16 01:19:33','2018-04-16 01:19:33',NULL),(6,'AlabamaStateUniversity','alasu.edu','2018-04-16 01:19:33','2018-04-16 01:19:33',NULL),(7,'AlbertsonCollegeofIdaho','acofi.edu','2018-04-16 01:19:33','2018-04-16 01:19:33',NULL),(8,'AlbionCollege','albion.edu','2018-04-16 01:19:33','2018-04-16 01:19:33',NULL),(9,'AlfredUniversity','alfred.edu','2018-04-16 01:19:33','2018-04-16 01:19:33',NULL),(10,'AlleghenyCollege','alleg.edu','2018-04-16 01:19:33','2018-04-16 01:19:33',NULL),(11,'AllentownCollegeofSaintFrancisdeSales','allencol.edu','2018-04-16 01:19:33','2018-04-16 01:19:33',NULL),(12,'AlmaCollege','alma.edu','2018-04-16 01:19:33','2018-04-16 01:19:33',NULL),(13,'AlvernoCollege','alverno.edu','2018-04-16 01:19:33','2018-04-16 01:19:33',NULL),(14,'AmbassadorUniversity','ambassador.edu','2018-04-16 01:19:33','2018-04-16 01:19:33',NULL),(15,'AmericanCoastlineUniversity','amercoastuniv.edu','2018-04-16 01:19:33','2018-04-16 01:19:33',NULL),(16,'AmericanGraduateSchoolofInternationalManagement','t-bird.edu','2018-04-16 01:19:33','2018-04-16 01:19:33',NULL),(17,'AmericanInternationalCollege','aic.edu','2018-04-16 01:19:33','2018-04-16 01:19:33',NULL),(18,'AmericanUniversity','american.edu','2018-04-16 01:19:33','2018-04-16 01:19:33',NULL),(19,'AmherstCollege','amherst.edu','2018-04-16 01:19:33','2018-04-16 01:19:33',NULL),(20,'AndrewsUniversity','andrews.edu','2018-04-16 01:19:33','2018-04-16 01:19:33',NULL),(21,'AngeloStateUniversity','angelo.edu','2018-04-16 01:19:33','2018-04-16 01:19:33',NULL),(22,'AntiochCollege','college.antioch.edu','2018-04-16 01:19:33','2018-04-16 01:19:33',NULL),(23,'AntiochNewEngland','antiochne.edu','2018-04-16 01:19:33','2018-04-16 01:19:33',NULL),(24,'AntiochUniversity-LosAngeles','antiochla.edu','2018-04-16 01:19:33','2018-04-16 01:19:33',NULL),(25,'AntiochUniversity-Seattle','seattleantioch.edu','2018-04-16 01:19:33','2018-04-16 01:19:33',NULL),(26,'AppalachianStateUniversity','appstate.edu','2018-04-16 01:19:33','2018-04-16 01:19:33',NULL),(27,'AquinasCollege','aquinas.edu','2018-04-16 01:19:33','2018-04-16 01:19:33',NULL),(28,'ArizonaStateUniversity','asu.edu','2018-04-16 01:19:33','2018-04-16 01:19:33',NULL),(29,'ArizonaStateUniversityWest','west.asu.edu','2018-04-16 01:19:33','2018-04-16 01:19:33',NULL),(30,'ArizonaWesternCollege','awc.cc.az.us','2018-04-16 01:19:33','2018-04-16 01:19:33',NULL),(31,'ArkansasStateUniversity,Jonesboro','astate.edu','2018-04-16 01:19:33','2018-04-16 01:19:33',NULL),(32,'ArkansasTechUniversity','atu.edu','2018-04-16 01:19:33','2018-04-16 01:19:33',NULL),(33,'ArmstrongStateCollege','armstrong.edu','2018-04-16 01:19:33','2018-04-16 01:19:33',NULL),(34,'AshlandUniversity','ashland.edu','2018-04-16 01:19:33','2018-04-16 01:19:33',NULL),(35,'AssumptionCollege','assumption.edu','2018-04-16 01:19:33','2018-04-16 01:19:33',NULL),(36,'AuburnUniversity','auburn.edu','2018-04-16 01:19:33','2018-04-16 01:19:33',NULL),(37,'AuburnUniversity-Montgomery','aum.edu','2018-04-16 01:19:33','2018-04-16 01:19:33',NULL),(38,'AugsburgCollege','augsburg.edu','2018-04-16 01:19:33','2018-04-16 01:19:33',NULL),(39,'AugustanaCollege(IL)','augustana.edu','2018-04-16 01:19:33','2018-04-16 01:19:33',NULL),(40,'AugustanaCollege(SD)','augie.edu','2018-04-16 01:19:33','2018-04-16 01:19:33',NULL),(41,'AuroraUniversity','aurora.edu','2018-04-16 01:19:33','2018-04-16 01:19:33',NULL),(42,'AustinCollege','austinc.edu','2018-04-16 01:19:33','2018-04-16 01:19:33',NULL),(43,'AustinPeayStateUniversity','apsu.edu','2018-04-16 01:19:33','2018-04-16 01:19:33',NULL),(44,'AverettCollege','averett.edu','2018-04-16 01:19:33','2018-04-16 01:19:33',NULL),(45,'AvilaCollege','avila.edu','2018-04-16 01:19:33','2018-04-16 01:19:33',NULL),(46,'AzusaPacificUniversity','apu.edu','2018-04-16 01:19:33','2018-04-16 01:19:33',NULL),(47,'BabsonCollege','babson.edu','2018-04-16 01:19:33','2018-04-16 01:19:33',NULL),(48,'Baldwin-WallaceCollege','baldwinw.edu','2018-04-16 01:19:33','2018-04-16 01:19:33',NULL),(49,'BallStateUniversity','bsu.edu','2018-04-16 01:19:33','2018-04-16 01:19:33',NULL),(50,'BakerUniversity','bakeru.edu','2018-04-16 01:19:33','2018-04-16 01:19:33',NULL),(51,'BaptistBibleCollege','bbc.edu','2018-04-16 01:19:33','2018-04-16 01:19:33',NULL),(52,'BardCollege','bard.edu','2018-04-16 01:19:33','2018-04-16 01:19:33',NULL),(53,'BarryUniversity','barry.edu','2018-04-16 01:19:33','2018-04-16 01:19:33',NULL),(54,'BastyrUniversity','bastyr.edu','2018-04-16 01:19:33','2018-04-16 01:19:33',NULL),(55,'BatesCollege','bates.edu','2018-04-16 01:19:33','2018-04-16 01:19:33',NULL),(56,'BaylorCollegeofMedicine','bcm.tmc.edu','2018-04-16 01:19:33','2018-04-16 01:19:33',NULL),(57,'BaylorUniversity','baylor.edu','2018-04-16 01:19:33','2018-04-16 01:19:33',NULL),(58,'BeaverCollege','beaver.edu','2018-04-16 01:19:33','2018-04-16 01:19:33',NULL),(59,'BelmontUniversity','belmont.edu','2018-04-16 01:19:33','2018-04-16 01:19:33',NULL),(60,'BeloitCollege','beloit.edu','2018-04-16 01:19:33','2018-04-16 01:19:33',NULL),(61,'BemidjiStateUniversity','bemidji.msus.edu','2018-04-16 01:19:33','2018-04-16 01:19:33',NULL),(62,'BenedictineCollege','benedictine.edu','2018-04-16 01:19:33','2018-04-16 01:19:33',NULL),(63,'BenningtonCollege','bennington.edu','2018-04-16 01:19:33','2018-04-16 01:19:33',NULL),(64,'BentleyCollege','bentley.edu','2018-04-16 01:19:33','2018-04-16 01:19:33',NULL),(65,'BereaCollege','berea.edu','2018-04-16 01:19:33','2018-04-16 01:19:33',NULL),(66,'BerkleeCollegeofMusic','berklee.edu','2018-04-16 01:19:33','2018-04-16 01:19:33',NULL),(67,'BethanyCollege(CA)','bethany.edu','2018-04-16 01:19:33','2018-04-16 01:19:33',NULL),(68,'BethanyCollege(WV)','bethany.wvnet.edu','2018-04-16 01:19:33','2018-04-16 01:19:33',NULL),(69,'BethelCollege(KS)','bethelks.edu','2018-04-16 01:19:33','2018-04-16 01:19:33',NULL),(70,'BethelCollegeandSeminary(MN)','bethel.edu','2018-04-16 01:19:33','2018-04-16 01:19:33',NULL),(71,'BiolaUniversity','biola.edu','2018-04-16 01:19:33','2018-04-16 01:19:33',NULL),(72,'Birmingham-SouthernCollege','bsc.edu','2018-04-16 01:19:33','2018-04-16 01:19:33',NULL),(73,'BlackHillsStateUniversity','bhsu.edu','2018-04-16 01:19:33','2018-04-16 01:19:33',NULL),(74,'BloomsburgUniversityofPennsylvania','bloomu.edu','2018-04-16 01:19:33','2018-04-16 01:19:33',NULL),(75,'BlufftonCollege','bluffton.edu','2018-04-16 01:19:33','2018-04-16 01:19:33',NULL),(76,'BobJonesUniversity','bju.edu','2018-04-16 01:19:33','2018-04-16 01:19:33',NULL),(77,'BoiseStateUniversity','idbsu.edu','2018-04-16 01:19:33','2018-04-16 01:19:33',NULL),(78,'BostonCollege','bc.edu','2018-04-16 01:19:33','2018-04-16 01:19:33',NULL),(79,'BostonGraduateSchoolofPsychoanalysis','bgsp.edu','2018-04-16 01:19:33','2018-04-16 01:19:33',NULL),(80,'BostonUniversity','bu.edu','2018-04-16 01:19:33','2018-04-16 01:19:33',NULL),(81,'BowdoinCollege','bowdoin.edu','2018-04-16 01:19:33','2018-04-16 01:19:33',NULL),(82,'BowieStateUniversity','bsu.umd.edu','2018-04-16 01:19:33','2018-04-16 01:19:33',NULL),(83,'BowlingGreenStateUniversity','bgsu.edu','2018-04-16 01:19:33','2018-04-16 01:19:33',NULL),(84,'BradleyUniversity','bradley.edu','2018-04-16 01:19:33','2018-04-16 01:19:33',NULL),(85,'BrandeisUniversity','brandeis.edu','2018-04-16 01:19:33','2018-04-16 01:19:33',NULL),(86,'BrenauUniversity','brenau.edu','2018-04-16 01:19:33','2018-04-16 01:19:33',NULL),(87,'BriarCliffCollege','briar-cliff.edu','2018-04-16 01:19:33','2018-04-16 01:19:33',NULL),(88,'BridgewaterCollege','bridgewater.edu','2018-04-16 01:19:33','2018-04-16 01:19:33',NULL),(89,'BrighamYoungUniversity','byu.edu','2018-04-16 01:19:33','2018-04-16 01:19:33',NULL),(90,'BrighamYoungUniversityHawaii','byuh.edu','2018-04-16 01:19:33','2018-04-16 01:19:33',NULL),(91,'BrownUniversity','brown.edu','2018-04-16 01:19:33','2018-04-16 01:19:33',NULL),(92,'BryantCollege','bryant.edu','2018-04-16 01:19:33','2018-04-16 01:19:33',NULL),(93,'BrynMawrCollege','brynmawr.edu','2018-04-16 01:19:33','2018-04-16 01:19:33',NULL),(94,'BucknellUniversity','bucknell.edu','2018-04-16 01:19:33','2018-04-16 01:19:33',NULL),(95,'BuenaVistaUniversity','bvu.edu','2018-04-16 01:19:33','2018-04-16 01:19:33',NULL),(96,'ButlerUniversity','butler.edu','2018-04-16 01:19:33','2018-04-16 01:19:33',NULL),(97,'CaliforniaCoastUniversity','calcoastuniv.edu','2018-04-16 01:19:33','2018-04-16 01:19:33',NULL),(98,'CaliforniaInstituteofTechnology','caltech.edu','2018-04-16 01:19:33','2018-04-16 01:19:33',NULL),(99,'CaliforniaLutheranUniversity','callutheran.edu','2018-04-16 01:19:33','2018-04-16 01:19:33',NULL),(100,'CaliforniaMaritimeAcademy','csum.edu','2018-04-16 01:19:33','2018-04-16 01:19:33',NULL),(101,'CaliforniaNationalUniversity','cnuas.edu','2018-04-16 01:19:33','2018-04-16 01:19:33',NULL),(102,'CaliforniaPolytechnicStateUniversity,SanLuisObispo','calpoly.edu','2018-04-16 01:19:33','2018-04-16 01:19:33',NULL),(103,'CaliforniaStatePolytechnicUniversity,Pomona','csupomona.edu','2018-04-16 01:19:33','2018-04-16 01:19:33',NULL),(104,'CaliforniaStateUniversitySystem','calstate.edu','2018-04-16 01:19:33','2018-04-16 01:19:33',NULL),(105,'CaliforniaStateUniversity,Bakersfield','csubak.edu','2018-04-16 01:19:33','2018-04-16 01:19:33',NULL),(106,'CaliforniaStateUniversity,Chico','csuchico.edu','2018-04-16 01:19:33','2018-04-16 01:19:33',NULL),(107,'CaliforniaStateUniversity,DominguezHills','csudh.edu','2018-04-16 01:19:33','2018-04-16 01:19:33',NULL),(108,'CaliforniaStateUniversity,Fresno','csufresno.edu','2018-04-16 01:19:33','2018-04-16 01:19:33',NULL),(109,'CaliforniaStateUniversity,Fullerton','fullerton.edu','2018-04-16 01:19:33','2018-04-16 01:19:33',NULL),(110,'CaliforniaStateUniversity,Hayward','csuhayward.edu','2018-04-16 01:19:33','2018-04-16 01:19:33',NULL),(111,'CaliforniaStateUniversity,LongBeach','csulb.edu','2018-04-16 01:19:33','2018-04-16 01:19:33',NULL),(112,'CaliforniaStateUniversity,LosAngeles','calstatela.edu','2018-04-16 01:19:33','2018-04-16 01:19:33',NULL),(113,'CaliforniaStateUniversity,MontereyBay','monterey.edu','2018-04-16 01:19:33','2018-04-16 01:19:33',NULL),(114,'CaliforniaStateUniversity,Northridge','csun.edu','2018-04-16 01:19:33','2018-04-16 01:19:33',NULL),(115,'CaliforniaStateUniversity,Sacramento','csus.edu','2018-04-16 01:19:33','2018-04-16 01:19:33',NULL),(116,'CaliforniaStateUniversity,SanBernardino','csusb.edu','2018-04-16 01:19:33','2018-04-16 01:19:33',NULL),(117,'CaliforniaStateUniversity,SanJose','sjsu.edu','2018-04-16 01:19:33','2018-04-16 01:19:33',NULL),(118,'CaliforniaStateUniversity,SanMarcos','csusm.edu','2018-04-16 01:19:33','2018-04-16 01:19:33',NULL),(119,'CaliforniaStateUniversity,Sacramento','csus.edu','2018-04-16 01:19:33','2018-04-16 01:19:33',NULL),(120,'CaliforniaStateUniversity,Stanislaus','csustan.edu','2018-04-16 01:19:33','2018-04-16 01:19:33',NULL),(121,'CaliforniaUniversityofPennsylvania','cup.edu','2018-04-16 01:19:33','2018-04-16 01:19:33',NULL),(122,'CalvinCollege','calvin.edu','2018-04-16 01:19:33','2018-04-16 01:19:33',NULL),(123,'CampbellUniversity','campbell.edu','2018-04-16 01:19:33','2018-04-16 01:19:33',NULL),(124,'CampbellsvilleCollege','campbellsvil.edu','2018-04-16 01:19:33','2018-04-16 01:19:33',NULL),(125,'CameronUniversity','cameron.edu','2018-04-16 01:19:33','2018-04-16 01:19:33',NULL),(126,'CanisiusCollege','canisius.edu','2018-04-16 01:19:33','2018-04-16 01:19:33',NULL),(127,'CarletonCollege','carleton.edu','2018-04-16 01:19:33','2018-04-16 01:19:33',NULL),(128,'CarlowCollege','carlow.edu','2018-04-16 01:19:33','2018-04-16 01:19:33',NULL),(129,'CarnegieMellonUniversity','cmu.edu','2018-04-16 01:19:33','2018-04-16 01:19:33',NULL),(130,'CarrollCollege(MT)','carroll.edu','2018-04-16 01:19:33','2018-04-16 01:19:33',NULL),(131,'CarrollCollege(WI)','cc.edu','2018-04-16 01:19:33','2018-04-16 01:19:33',NULL),(132,'Carson-NewmanCollege','cn.edu','2018-04-16 01:19:33','2018-04-16 01:19:33',NULL),(133,'CarthageCollege','carthage.edu','2018-04-16 01:19:33','2018-04-16 01:19:33',NULL),(134,'CaseWesternReserveUniversity','cwru.edu','2018-04-16 01:19:33','2018-04-16 01:19:33',NULL),(135,'CastletonStateUniversity','csc.vsc.edu','2018-04-16 01:19:33','2018-04-16 01:19:33',NULL),(136,'TheCatholicUniversityofAmerica','cua.edu','2018-04-16 01:19:33','2018-04-16 01:19:33',NULL),(137,'CedarvilleCollege','cedarville.edu','2018-04-16 01:19:33','2018-04-16 01:19:33',NULL),(138,'CentenaryCollegeofLouisiana','centenary.edu','2018-04-16 01:19:33','2018-04-16 01:19:33',NULL),(139,'CentralCollege','central.edu','2018-04-16 01:19:33','2018-04-16 01:19:33',NULL),(140,'CentralConnecticutStateUniversity','ccsu.ctstateu.edu','2018-04-16 01:19:33','2018-04-16 01:19:33',NULL),(141,'CentralMethodistCollege','cmc.edu','2018-04-16 01:19:33','2018-04-16 01:19:33',NULL),(142,'CentralMichiganUniversity','cmich.edu','2018-04-16 01:19:33','2018-04-16 01:19:33',NULL),(143,'CentralMissouriStateUniversity','cmsu.edu','2018-04-16 01:19:33','2018-04-16 01:19:33',NULL),(144,'CentralWashingtonUniversity','cwu.edu','2018-04-16 01:19:33','2018-04-16 01:19:33',NULL),(145,'CentreCollege','centre.edu','2018-04-16 01:19:33','2018-04-16 01:19:33',NULL),(146,'ChadronStateCollege','csc.edu','2018-04-16 01:19:33','2018-04-16 01:19:33',NULL),(147,'ChamplainCollege','champlain.edu','2018-04-16 01:19:33','2018-04-16 01:19:33',NULL),(148,'ChapmanUniversity','chapman.edu','2018-04-16 01:19:33','2018-04-16 01:19:33',NULL),(149,'ChathamCollege','chatham.edu','2018-04-16 01:19:33','2018-04-16 01:19:33',NULL),(150,'ChesapeakeCollege','chesapeake.edu','2018-04-16 01:19:33','2018-04-16 01:19:33',NULL),(151,'CheyneyUniversity','cheyney.edu','2018-04-16 01:19:33','2018-04-16 01:19:33',NULL),(152,'TheChicagoSchoolofProfessionalPsychology','csopp.edu','2018-04-16 01:19:33','2018-04-16 01:19:33',NULL),(153,'ChristianBrothersUniversity','cbu.edu','2018-04-16 01:19:33','2018-04-16 01:19:33',NULL),(154,'ChristianTheologicalSeminary','cts.edu','2018-04-16 01:19:33','2018-04-16 01:19:33',NULL),(155,'ChristopherNewportUniversity','cnu.edu','2018-04-16 01:19:33','2018-04-16 01:19:33',NULL),(156,'TheCitadel','citadel.edu','2018-04-16 01:19:33','2018-04-16 01:19:33',NULL),(157,'CityUniversity','cityu.edu','2018-04-16 01:19:33','2018-04-16 01:19:33',NULL),(158,'CityUniversityofNewYork','cuny.edu','2018-04-16 01:19:33','2018-04-16 01:19:33',NULL),(159,'ClaremontGraduateSchool','cgs.edu','2018-04-16 01:19:33','2018-04-16 01:19:33',NULL),(160,'ClaremontMcKennaCollege','mckenna.edu','2018-04-16 01:19:33','2018-04-16 01:19:33',NULL),(161,'ClarionUniversityofPennsylvania','clarion.edu','2018-04-16 01:19:33','2018-04-16 01:19:33',NULL),(162,'ClarkUniversity','clarku.edu','2018-04-16 01:19:33','2018-04-16 01:19:33',NULL),(163,'ClarkeCollege','clarke.edu','2018-04-16 01:19:33','2018-04-16 01:19:33',NULL),(164,'ClarksonUniversity','clarkson.edu','2018-04-16 01:19:33','2018-04-16 01:19:33',NULL),(165,'ClaytonStateCollege','csc.peachnet.edu','2018-04-16 01:19:33','2018-04-16 01:19:33',NULL),(166,'ClemsonUniversity','clemson.edu','2018-04-16 01:19:33','2018-04-16 01:19:33',NULL),(167,'ClevelandStateUniversity','csuohio.edu','2018-04-16 01:19:33','2018-04-16 01:19:33',NULL),(168,'ClinchValleyCollege','clinch.edu','2018-04-16 01:19:33','2018-04-16 01:19:33',NULL),(169,'CoastalCarolinaUniversity','coastal.edu','2018-04-16 01:19:33','2018-04-16 01:19:33',NULL),(170,'CoeCollege','coe.edu','2018-04-16 01:19:33','2018-04-16 01:19:33',NULL),(171,'CokerCollege','coker.edu','2018-04-16 01:19:33','2018-04-16 01:19:33',NULL),(172,'ColbyCollege','colby.edu','2018-04-16 01:19:33','2018-04-16 01:19:33',NULL),(173,'ColgateUniversity','colgate.edu','2018-04-16 01:19:33','2018-04-16 01:19:33',NULL),(174,'CollegeoftheAtlantic','coa.edu','2018-04-16 01:19:33','2018-04-16 01:19:33',NULL),(175,'CollegeofCharleston','cofc.edu','2018-04-16 01:19:33','2018-04-16 01:19:33',NULL),(176,'CollegeofEasternUtah','ceu.edu','2018-04-16 01:19:33','2018-04-16 01:19:33',NULL),(177,'CollegeoftheHolyCross','holycross.edu','2018-04-16 01:19:33','2018-04-16 01:19:33',NULL),(178,'CollegeofSaintBenedict','csbsju.edu','2018-04-16 01:19:33','2018-04-16 01:19:33',NULL),(179,'CollegeofSaintCatherine','stkate.edu','2018-04-16 01:19:33','2018-04-16 01:19:33',NULL),(180,'CollegeofSt.Francis','stfrancis.edu','2018-04-16 01:19:33','2018-04-16 01:19:33',NULL),(181,'CollegeofSaintRose','strose.edu','2018-04-16 01:19:33','2018-04-16 01:19:33',NULL),(182,'CollegeofSt.Scholastica','css.edu','2018-04-16 01:19:33','2018-04-16 01:19:33',NULL),(183,'CollegeofWilliamandMary','wm.edu','2018-04-16 01:19:33','2018-04-16 01:19:33',NULL),(184,'TheCollegeofWooster','wooster.edu','2018-04-16 01:19:33','2018-04-16 01:19:33',NULL),(185,'ColoradoChristianUniversity','ccu.edu','2018-04-16 01:19:33','2018-04-16 01:19:33',NULL),(186,'ColoradoCollege','cc.colorado.edu','2018-04-16 01:19:33','2018-04-16 01:19:33',NULL),(187,'ColoradoSchoolofMines','mines.colorado.edu','2018-04-16 01:19:33','2018-04-16 01:19:33',NULL),(188,'ColoradoStateUniversity','colostate.edu','2018-04-16 01:19:33','2018-04-16 01:19:33',NULL),(189,'ColumbiaCollegeChicago','colum.edu','2018-04-16 01:19:33','2018-04-16 01:19:33',NULL),(190,'ColumbiaSouthernUniversity','colsouth.edu','2018-04-16 01:19:33','2018-04-16 01:19:33',NULL),(191,'ColumbiaUnionCollege','cuc.edu','2018-04-16 01:19:33','2018-04-16 01:19:33',NULL),(192,'ColumbiaUniversity','columbia.edu','2018-04-16 01:19:33','2018-04-16 01:19:33',NULL),(193,'ConcordiaCollege-AnnArbor','ccaa.edu','2018-04-16 01:19:33','2018-04-16 01:19:33',NULL),(194,'ConcordiaCollege-Moorhead','cord.edu','2018-04-16 01:19:33','2018-04-16 01:19:33',NULL),(195,'ConcordiaCollege-St.Paul','csp.edu','2018-04-16 01:19:33','2018-04-16 01:19:33',NULL),(196,'ConcordiaCollege-Seward','ccsn.edu','2018-04-16 01:19:33','2018-04-16 01:19:33',NULL),(197,'ConcordiaUniversityRiverForest,Illinois','cuis.edu','2018-04-16 01:19:33','2018-04-16 01:19:33',NULL),(198,'ConnecticutCollege','conncoll.edu','2018-04-16 01:19:33','2018-04-16 01:19:33',NULL),(199,'TheCooperUnionfortheAdvancementofScienceandArt','cooper.edu','2018-04-16 01:19:33','2018-04-16 01:19:33',NULL),(200,'CoppinStateCollege','coppin.umd.edu','2018-04-16 01:19:33','2018-04-16 01:19:33',NULL),(201,'CornellCollege','cornell-iowa.edu','2018-04-16 01:19:33','2018-04-16 01:19:33',NULL),(202,'CornellUniversity','cornell.edu','2018-04-16 01:19:33','2018-04-16 01:19:33',NULL),(203,'CreightonUniversity','creighton.edu','2018-04-16 01:19:33','2018-04-16 01:19:33',NULL),(204,'CurryCollege','curry.edu','2018-04-16 01:19:33','2018-04-16 01:19:33',NULL),(205,'DaemenCollege','daemen.edu','2018-04-16 01:19:33','2018-04-16 01:19:33',NULL),(206,'DakotaStateUniversity','dsu.edu','2018-04-16 01:19:33','2018-04-16 01:19:33',NULL),(207,'DakotaWesleyanUniversity','dwu.edu','2018-04-16 01:19:33','2018-04-16 01:19:33',NULL),(208,'DallasBaptistUniversity','dbu.edu','2018-04-16 01:19:33','2018-04-16 01:19:33',NULL),(209,'DanaCollege','dana.edu','2018-04-16 01:19:33','2018-04-16 01:19:33',NULL),(210,'DanielWebsterCollege','dwc.edu','2018-04-16 01:19:33','2018-04-16 01:19:33',NULL),(211,'DartmouthCollege','dartmouth.edu','2018-04-16 01:19:33','2018-04-16 01:19:33',NULL),(212,'DavenportCollegeDetroitCollegeofBusiness','davenport.edu','2018-04-16 01:19:33','2018-04-16 01:19:33',NULL),(213,'DavidsonCollege','davidson.edu','2018-04-16 01:19:33','2018-04-16 01:19:33',NULL),(214,'Davis&ElkinsCollege','dne.wvnet.edu','2018-04-16 01:19:33','2018-04-16 01:19:33',NULL),(215,'DelawareStateUniversity','dsc.edu','2018-04-16 01:19:33','2018-04-16 01:19:33',NULL),(216,'DeltaStateUniversity','deltast.edu','2018-04-16 01:19:33','2018-04-16 01:19:33',NULL),(217,'DenisonUniversity','denison.edu','2018-04-16 01:19:33','2018-04-16 01:19:33',NULL),(218,'DePaulUniversity','depaul.edu','2018-04-16 01:19:33','2018-04-16 01:19:33',NULL),(219,'DePauwUniversity','depauw.edu','2018-04-16 01:19:33','2018-04-16 01:19:33',NULL),(220,'DeVryInstituteofTechnology','devrycols.edu','2018-04-16 01:19:33','2018-04-16 01:19:33',NULL),(221,'DeVryInstituteofTechnology-Dallas','devry.edu','2018-04-16 01:19:33','2018-04-16 01:19:33',NULL),(222,'DeVryInstituteofTechnology-Phoenix','devry-phx.edu','2018-04-16 01:19:33','2018-04-16 01:19:33',NULL),(223,'DickinsonCollege','dickinson.edu','2018-04-16 01:19:33','2018-04-16 01:19:33',NULL),(224,'DickinsonStateUniversity','dsu.nodak.edu','2018-04-16 01:19:33','2018-04-16 01:19:33',NULL),(225,'DillardUniversity','dillard.edu','2018-04-16 01:19:33','2018-04-16 01:19:33',NULL),(226,'DominicanCollege','dominican.edu','2018-04-16 01:19:33','2018-04-16 01:19:33',NULL),(227,'DordtCollege','Dordt.edu','2018-04-16 01:19:33','2018-04-16 01:19:33',NULL),(228,'DowlingCollege','dowling.edu','2018-04-16 01:19:33','2018-04-16 01:19:33',NULL),(229,'DrakeUniversity','drake.edu','2018-04-16 01:19:33','2018-04-16 01:19:33',NULL),(230,'DrewUniversity','drew.edu','2018-04-16 01:19:33','2018-04-16 01:19:33',NULL),(231,'DrexelUniversity','drexel.edu','2018-04-16 01:19:33','2018-04-16 01:19:33',NULL),(232,'DruryCollege','drury.edu','2018-04-16 01:19:33','2018-04-16 01:19:33',NULL),(233,'DukeUniversity','duke.edu','2018-04-16 01:19:33','2018-04-16 01:19:33',NULL),(234,'DuquesneUniversity','duq.edu','2018-04-16 01:19:33','2018-04-16 01:19:33',NULL),(235,'EarlhamCollege','earlham.edu','2018-04-16 01:19:33','2018-04-16 01:19:33',NULL),(236,'EastCarolinaUniversity','ecu.edu','2018-04-16 01:19:33','2018-04-16 01:19:33',NULL),(237,'EastCentralUniversity','ecok.edu','2018-04-16 01:19:33','2018-04-16 01:19:33',NULL),(238,'EastStroudsburgStateUniversityofPennsylvania','esu.edu','2018-04-16 01:19:33','2018-04-16 01:19:33',NULL),(239,'EastTennesseeStateUniversity','etsu-tn.edu','2018-04-16 01:19:33','2018-04-16 01:19:33',NULL),(240,'EastTexasStateUniversity','etsu.edu','2018-04-16 01:19:33','2018-04-16 01:19:33',NULL),(241,'EasternConnecticutStateUniversity','ecsu.ctstateu.edu','2018-04-16 01:19:33','2018-04-16 01:19:33',NULL),(242,'EasternIllinoisUniversity','eiu.edu','2018-04-16 01:19:33','2018-04-16 01:19:33',NULL),(243,'EasternKentuckyUniversity','eku.edu','2018-04-16 01:19:33','2018-04-16 01:19:33',NULL),(244,'EasternMennoniteUniversity','emu.edu','2018-04-16 01:19:33','2018-04-16 01:19:33',NULL),(245,'EasternMichiganUniversity','emich.edu','2018-04-16 01:19:33','2018-04-16 01:19:33',NULL),(246,'EasternNewMexicoUniversity','enmu.edu','2018-04-16 01:19:33','2018-04-16 01:19:33',NULL),(247,'EasternOregonStateCollege','eosc.osshe.edu','2018-04-16 01:19:33','2018-04-16 01:19:33',NULL),(248,'EasternWashingtonUniversity','ewu.edu','2018-04-16 01:19:33','2018-04-16 01:19:33',NULL),(249,'EdgewoodCollege','edgewood.edu','2018-04-16 01:19:33','2018-04-16 01:19:33',NULL),(250,'EdinboroUniversityofPennsylvania','edinboro.edu','2018-04-16 01:19:33','2018-04-16 01:19:33',NULL),(251,'ElizabethCityStateUniversity','ecsu.edu','2018-04-16 01:19:33','2018-04-16 01:19:33',NULL),(252,'ElizabethtownCollege','etown.edu','2018-04-16 01:19:33','2018-04-16 01:19:33',NULL),(253,'ElmhurstCollege','elmhurst.edu','2018-04-16 01:19:33','2018-04-16 01:19:33',NULL),(254,'ElonCollege','elon.edu','2018-04-16 01:19:33','2018-04-16 01:19:33',NULL),(255,'Embry-RiddleAeronauticalUniversity,Arizona','erau.edu','2018-04-16 01:19:33','2018-04-16 01:19:33',NULL),(256,'Embry-RiddleAeronauticalUniversity,Florida','erau.edu','2018-04-16 01:19:33','2018-04-16 01:19:33',NULL),(257,'EmersonCollege','emerson.edu','2018-04-16 01:19:33','2018-04-16 01:19:33',NULL),(258,'EmmanuelCollege','emmanuel.edu','2018-04-16 01:19:33','2018-04-16 01:19:33',NULL),(259,'EmporiaStateUniversity','emporia.edu','2018-04-16 01:19:33','2018-04-16 01:19:33',NULL),(260,'EmoryUniversity','emory.edu','2018-04-16 01:19:33','2018-04-16 01:19:33',NULL),(261,'EvergreenStateCollege','evergreen.edu','2018-04-16 01:19:33','2018-04-16 01:19:33',NULL),(262,'FairleighDickinsonUniversity','fdu.edu','2018-04-16 01:19:33','2018-04-16 01:19:33',NULL),(263,'FairmontStateCollege','fairmont.wvnet.edu','2018-04-16 01:19:33','2018-04-16 01:19:33',NULL),(264,'FayettevilleStateUniversity','fsufay.edu','2018-04-16 01:19:33','2018-04-16 01:19:33',NULL),(265,'FerrisStateUniversity','ferris.edu','2018-04-16 01:19:33','2018-04-16 01:19:33',NULL),(266,'FieldingInstitute','fielding.edu','2018-04-16 01:19:33','2018-04-16 01:19:33',NULL),(267,'FiskUniversity','fisk.edu','2018-04-16 01:19:33','2018-04-16 01:19:33',NULL),(268,'FitchburgStateCollege','fsc.edu','2018-04-16 01:19:33','2018-04-16 01:19:33',NULL),(269,'FloridaAgriculturalandMechanicalUniversity','famu.edu','2018-04-16 01:19:33','2018-04-16 01:19:33',NULL),(270,'FloridaAtlanticUniversity','fau.edu','2018-04-16 01:19:33','2018-04-16 01:19:33',NULL),(271,'FloridaGulfCoastUniversity','fgcu.edu','2018-04-16 01:19:33','2018-04-16 01:19:33',NULL),(272,'FloridaInstituteofTechnology','fit.edu','2018-04-16 01:19:33','2018-04-16 01:19:33',NULL),(273,'FloridaInternationalUniversity','fiu.edu','2018-04-16 01:19:33','2018-04-16 01:19:33',NULL),(274,'FloridaStateUniversity','fsu.edu','2018-04-16 01:19:33','2018-04-16 01:19:33',NULL),(275,'FontbonneCollege','fontbonne.edu','2018-04-16 01:19:33','2018-04-16 01:19:33',NULL),(276,'FordhamUniversity','fordham.edu','2018-04-16 01:19:33','2018-04-16 01:19:33',NULL),(277,'FortHaysStateUniversity','fhsu.edu','2018-04-16 01:19:33','2018-04-16 01:19:33',NULL),(278,'FortLewisCollege','fortlewis.edu','2018-04-16 01:19:33','2018-04-16 01:19:33',NULL),(279,'FranklinandMarshallCollege','fandm.edu','2018-04-16 01:19:33','2018-04-16 01:19:33',NULL),(280,'FranklinPierceLawCenter','fplc.edu','2018-04-16 01:19:33','2018-04-16 01:19:33',NULL),(281,'FranklinUniversity','franklin.edu','2018-04-16 01:19:33','2018-04-16 01:19:33',NULL),(282,'FresnoPacificUniversity','fresno.edu','2018-04-16 01:19:33','2018-04-16 01:19:33',NULL),(283,'FriendsUniversity','friends.edu','2018-04-16 01:19:33','2018-04-16 01:19:33',NULL),(284,'FrostburgStateUniversity','fsu.umd.edu','2018-04-16 01:19:33','2018-04-16 01:19:33',NULL),(285,'FullerTheologicalSeminary','fuller.edu','2018-04-16 01:19:33','2018-04-16 01:19:33',NULL),(286,'FurmanUniversity','furman.edu','2018-04-16 01:19:33','2018-04-16 01:19:33',NULL),(287,'GallaudetUniversity','gallaudet.edu','2018-04-16 01:19:33','2018-04-16 01:19:33',NULL),(288,'GannonUniversity','gannon.edu','2018-04-16 01:19:33','2018-04-16 01:19:33',NULL),(289,'GenevaCollege','geneva.edu','2018-04-16 01:19:33','2018-04-16 01:19:33',NULL),(290,'GeorgeFoxCollege','gfc.edu','2018-04-16 01:19:33','2018-04-16 01:19:33',NULL),(291,'GeorgeMasonUniversity','gmu.edu','2018-04-16 01:19:33','2018-04-16 01:19:33',NULL),(292,'GeorgeWashingtonUniversity','gwu.edu','2018-04-16 01:19:33','2018-04-16 01:19:33',NULL),(293,'GeorgetownUniversity','georgetown.edu','2018-04-16 01:19:33','2018-04-16 01:19:33',NULL),(294,'GeorgiaCollege','gac.peachnet.edu','2018-04-16 01:19:33','2018-04-16 01:19:33',NULL),(295,'GeorgiaInstituteofTechnology','gatech.edu','2018-04-16 01:19:33','2018-04-16 01:19:33',NULL),(296,'GeorgiaSouthernUniversity','gasou.edu','2018-04-16 01:19:33','2018-04-16 01:19:33',NULL),(297,'GeorgiaSouthwesternCollege','gsw.peachnet.edu','2018-04-16 01:19:33','2018-04-16 01:19:33',NULL),(298,'GeorgiaStateUniversity','gsu.edu','2018-04-16 01:19:33','2018-04-16 01:19:33',NULL),(299,'GeorgianCourtCollege','georgian.edu','2018-04-16 01:19:33','2018-04-16 01:19:33',NULL),(300,'GettysburgCollege','gettysburg.edu','2018-04-16 01:19:33','2018-04-16 01:19:33',NULL),(301,'GMIEngineeringandManagementInstitute','gmi.edu','2018-04-16 01:19:33','2018-04-16 01:19:33',NULL),(302,'GoldenGateUniversity','ggu.edu','2018-04-16 01:19:33','2018-04-16 01:19:33',NULL),(303,'Goldey-BeacomCollege','gbc.edu','2018-04-16 01:19:33','2018-04-16 01:19:33',NULL),(304,'GonzagaUniversity','gonzaga.edu','2018-04-16 01:19:33','2018-04-16 01:19:33',NULL),(305,'GoshenCollege','goshen.edu','2018-04-16 01:19:33','2018-04-16 01:19:33',NULL),(306,'GoucherCollege','goucher.edu','2018-04-16 01:19:33','2018-04-16 01:19:33',NULL),(307,'GovernorsStateUniversity','bgu.edu','2018-04-16 01:19:33','2018-04-16 01:19:33',NULL),(308,'GraceCollege','grace.edu','2018-04-16 01:19:33','2018-04-16 01:19:33',NULL),(309,'GracelandCollege','graceland.edu','2018-04-16 01:19:33','2018-04-16 01:19:33',NULL),(310,'GrandValleyStateUniversity','gvsu.edu','2018-04-16 01:19:33','2018-04-16 01:19:33',NULL),(311,'GreenleafUniversity','greenleaf.edu','2018-04-16 01:19:33','2018-04-16 01:19:33',NULL),(312,'GrinnellCollege','grin.edu','2018-04-16 01:19:33','2018-04-16 01:19:33',NULL),(313,'GuilfordCollege','guilford.edu','2018-04-16 01:19:33','2018-04-16 01:19:33',NULL),(314,'GustavusAdolphusCollege','gac.edu','2018-04-16 01:19:33','2018-04-16 01:19:33',NULL),(315,'HamiltonCollege','hamilton.edu','2018-04-16 01:19:33','2018-04-16 01:19:33',NULL),(316,'HamlineUniversity','hamline.edu','2018-04-16 01:19:33','2018-04-16 01:19:33',NULL),(317,'Hampden-SydneyCollege','hsc.edu','2018-04-16 01:19:33','2018-04-16 01:19:33',NULL),(318,'HampshireCollege','hampshire.edu','2018-04-16 01:19:33','2018-04-16 01:19:33',NULL),(319,'HamptonUniversity','hamptonu.edu','2018-04-16 01:19:33','2018-04-16 01:19:33',NULL),(320,'HanoverCollege','hanover.edu','2018-04-16 01:19:33','2018-04-16 01:19:33',NULL),(321,'HardingUniversity','harding.edu','2018-04-16 01:19:33','2018-04-16 01:19:33',NULL),(322,'HartwickCollege','hartwick.edu','2018-04-16 01:19:33','2018-04-16 01:19:33',NULL),(323,'HarvardUniversity','harvard.edu','2018-04-16 01:19:33','2018-04-16 01:19:33',NULL),(324,'HarveyMuddCollege','hmc.edu','2018-04-16 01:19:33','2018-04-16 01:19:33',NULL),(325,'HaskellIndianNationsUniversity','haskell.edu','2018-04-16 01:19:33','2018-04-16 01:19:33',NULL),(326,'HastingsCollege','hastings.edu','2018-04-16 01:19:33','2018-04-16 01:19:33',NULL),(327,'HaverfordCollegeinPennsylvania','haverford.edu','2018-04-16 01:19:33','2018-04-16 01:19:33',NULL),(328,'HawaiiPacificUniversity','hpu.edu','2018-04-16 01:19:33','2018-04-16 01:19:33',NULL),(329,'HeidelbergCollege','heidelberg.edu','2018-04-16 01:19:33','2018-04-16 01:19:33',NULL),(330,'HendrixCollege','hendrix.edu','2018-04-16 01:19:33','2018-04-16 01:19:33',NULL),(331,'HesstonCollege','hesston.edu','2018-04-16 01:19:33','2018-04-16 01:19:33',NULL),(332,'HighPointUniversity','highpoint.edu','2018-04-16 01:19:33','2018-04-16 01:19:33',NULL),(333,'HillsdaleCollege','hillsdale.edu','2018-04-16 01:19:33','2018-04-16 01:19:33',NULL),(334,'HiramCollege','hiram.edu','2018-04-16 01:19:33','2018-04-16 01:19:33',NULL),(335,'HobartandWilliamSmithColleges','hws.edu','2018-04-16 01:19:33','2018-04-16 01:19:33',NULL),(336,'HofstraUniversity','hofstra.edu','2018-04-16 01:19:33','2018-04-16 01:19:33',NULL),(337,'HollinsCollege','hollins.edu','2018-04-16 01:19:33','2018-04-16 01:19:33',NULL),(338,'HolyCrossCollege','holycross.edu','2018-04-16 01:19:33','2018-04-16 01:19:33',NULL),(339,'HoodCollege','hood.edu','2018-04-16 01:19:33','2018-04-16 01:19:33',NULL),(340,'HopeCollege','hope.edu','2018-04-16 01:19:33','2018-04-16 01:19:33',NULL),(341,'HowardUniversity','howard.edu','2018-04-16 01:19:33','2018-04-16 01:19:33',NULL),(342,'HumboldtStateUniversity','humboldt.edu','2018-04-16 01:19:33','2018-04-16 01:19:33',NULL),(343,'HunterCollege','hunter.cuny.edu','2018-04-16 01:19:33','2018-04-16 01:19:33',NULL),(344,'HuntingdonCollege','huntingdon.edu','2018-04-16 01:19:33','2018-04-16 01:19:33',NULL),(345,'HuntingtonCollege','huntcol.edu','2018-04-16 01:19:33','2018-04-16 01:19:33',NULL),(346,'ICIUniversity','ici.edu','2018-04-16 01:19:33','2018-04-16 01:19:33',NULL),(347,'IdahoStateUniversity','isu.edu','2018-04-16 01:19:33','2018-04-16 01:19:33',NULL),(348,'IllinoisBenedictineCollege','ibc.edu','2018-04-16 01:19:33','2018-04-16 01:19:33',NULL),(349,'IllinoisInstituteofTechnology','iit.edu','2018-04-16 01:19:33','2018-04-16 01:19:33',NULL),(350,'IllinoisStateUniversity','ilstu.edu','2018-04-16 01:19:33','2018-04-16 01:19:33',NULL),(351,'IncarnateWordCollege','iwctx.edu','2018-04-16 01:19:33','2018-04-16 01:19:33',NULL),(352,'IndianaInstituteofTechnology','indtech.edu','2018-04-16 01:19:33','2018-04-16 01:19:33',NULL),(353,'IndianaStateUniversity','indstate.edu','2018-04-16 01:19:33','2018-04-16 01:19:33',NULL),(354,'IndianaUniversitySystem','indiana.edu','2018-04-16 01:19:33','2018-04-16 01:19:33',NULL),(355,'IndianaUniversity/PurdueUniversityatColumbus','columbus.iupui.edu','2018-04-16 01:19:33','2018-04-16 01:19:33',NULL),(356,'IndianaUniversity/PurdueUniversityatFortWayne','ipfw.indiana.edu','2018-04-16 01:19:33','2018-04-16 01:19:33',NULL),(357,'IndianaUniversity/PurdueUniversityatIndianapolis','iupui.edu','2018-04-16 01:19:33','2018-04-16 01:19:33',NULL),(358,'IndianaUniversityatBloomington','indiana.edu','2018-04-16 01:19:33','2018-04-16 01:19:33',NULL),(359,'IndianaUniversityatSouthBend','iusb.indiana.edu','2018-04-16 01:19:33','2018-04-16 01:19:33',NULL),(360,'IndianaUniversityofPennsylvania','iup.edu','2018-04-16 01:19:33','2018-04-16 01:19:33',NULL),(361,'IndianaUniversitySoutheastatNewAlbany','ius.indiana.edu','2018-04-16 01:19:33','2018-04-16 01:19:33',NULL),(362,'IndianaWesleyanUniversity,Marion','indwes.edu','2018-04-16 01:19:33','2018-04-16 01:19:33',NULL),(363,'InterAmericanUniversityofPuertoRicoMetropolitanCampus','metro.inter.edu','2018-04-16 01:19:33','2018-04-16 01:19:33',NULL),(364,'IonaCollege','iona.edu','2018-04-16 01:19:33','2018-04-16 01:19:33',NULL),(365,'IowaStateUniversity','iastate.edu','2018-04-16 01:19:33','2018-04-16 01:19:33',NULL),(366,'IthacaCollege','ithaca.edu','2018-04-16 01:19:33','2018-04-16 01:19:33',NULL),(367,'JacksonStateUniversity','jsums.edu','2018-04-16 01:19:33','2018-04-16 01:19:33',NULL),(368,'JacksonvilleUniversity','ju.edu','2018-04-16 01:19:33','2018-04-16 01:19:33',NULL),(369,'JacksonvilleStateUniversity','jsu.edu','2018-04-16 01:19:33','2018-04-16 01:19:33',NULL),(370,'JamesMadisonUniversity','jmu.edu','2018-04-16 01:19:33','2018-04-16 01:19:33',NULL),(371,'JamestownCollege','jc.edu','2018-04-16 01:19:33','2018-04-16 01:19:33',NULL),(372,'TheJewishTheologicalSeminary','jtsa.edu','2018-04-16 01:19:33','2018-04-16 01:19:33',NULL),(373,'JohnBrownUniversity','jbu.edu','2018-04-16 01:19:33','2018-04-16 01:19:33',NULL),(374,'JohnF.KennedyUniversity','jfku.edu','2018-04-16 01:19:33','2018-04-16 01:19:33',NULL),(375,'JohnsHopkinsUniversity','jhu.edu','2018-04-16 01:19:33','2018-04-16 01:19:33',NULL),(376,'JohnsonBibleCollege','jbc.edu','2018-04-16 01:19:33','2018-04-16 01:19:33',NULL),(377,'JohnsonC.SmithUniversity','jcsu.edu','2018-04-16 01:19:33','2018-04-16 01:19:33',NULL),(378,'Johnson&WalesUniversity','jwu.edu','2018-04-16 01:19:33','2018-04-16 01:19:33',NULL),(379,'JonesCollege','jones.edu','2018-04-16 01:19:33','2018-04-16 01:19:33',NULL),(380,'JudsonCollege','judson.edu','2018-04-16 01:19:33','2018-04-16 01:19:33',NULL),(381,'JuniataCollege','juniata.edu','2018-04-16 01:19:33','2018-04-16 01:19:33',NULL),(382,'KalamazooCollege','kzoo.edu','2018-04-16 01:19:33','2018-04-16 01:19:33',NULL),(383,'KansasStateUniversity','ksu.edu','2018-04-16 01:19:33','2018-04-16 01:19:33',NULL),(384,'KansasWesleyanUniversity','kwu.edu','2018-04-16 01:19:33','2018-04-16 01:19:33',NULL),(385,'KeanCollege','kean.edu','2018-04-16 01:19:33','2018-04-16 01:19:33',NULL),(386,'KeeneStateCollege','keene.edu','2018-04-16 01:19:33','2018-04-16 01:19:33',NULL),(387,'KentStateUniversity','kent.edu','2018-04-16 01:19:33','2018-04-16 01:19:33',NULL),(388,'KenyonCollege','kenyon.edu','2018-04-16 01:19:33','2018-04-16 01:19:33',NULL),(389,'King\'sCollege','kings.edu','2018-04-16 01:19:33','2018-04-16 01:19:33',NULL),(390,'KnoxCollege','knox.edu','2018-04-16 01:19:33','2018-04-16 01:19:33',NULL),(391,'KutztownUniversityofPennsylvania','kutztown.edu','2018-04-16 01:19:33','2018-04-16 01:19:33',NULL),(392,'LaSierraUniversity','lasierra.edu','2018-04-16 01:19:33','2018-04-16 01:19:33',NULL),(393,'LaGrangeCollege','lgc.peachnet.edu','2018-04-16 01:19:33','2018-04-16 01:19:33',NULL),(394,'LafayetteCollege','lafayette.edu','2018-04-16 01:19:33','2018-04-16 01:19:33',NULL),(395,'LakeForestCollege','lfc.edu','2018-04-16 01:19:33','2018-04-16 01:19:33',NULL),(396,'LakeSuperiorStateUniversity','lssu.edu','2018-04-16 01:19:33','2018-04-16 01:19:33',NULL),(397,'LamarUniversity','lamar.edu','2018-04-16 01:19:33','2018-04-16 01:19:33',NULL),(398,'LangstonUniversity','lunet.edu','2018-04-16 01:19:33','2018-04-16 01:19:33',NULL),(399,'LaSalleUniversity','lasalle.edu','2018-04-16 01:19:33','2018-04-16 01:19:33',NULL),(400,'LawrenceUniversity','lawrence.edu','2018-04-16 01:19:33','2018-04-16 01:19:33',NULL),(401,'LawrenceTechnologicalUniversity','ltu.edu','2018-04-16 01:19:33','2018-04-16 01:19:33',NULL),(402,'LebanonValleyCollege','lvc.edu','2018-04-16 01:19:33','2018-04-16 01:19:33',NULL),(403,'LehighUnivervsity','lehigh.edu','2018-04-16 01:19:33','2018-04-16 01:19:33',NULL),(404,'LeMoyneCollege','lemoyne.edu','2018-04-16 01:19:33','2018-04-16 01:19:33',NULL),(405,'Lenoir-RhyneCollege','lrc.edu','2018-04-16 01:19:33','2018-04-16 01:19:33',NULL),(406,'LeTourneauUniversity','letu.edu','2018-04-16 01:19:33','2018-04-16 01:19:33',NULL),(407,'Lewis&ClarkCollege','lclark.edu','2018-04-16 01:19:33','2018-04-16 01:19:33',NULL),(408,'Lewis-ClarkStateCollege','lcsc.edu','2018-04-16 01:19:33','2018-04-16 01:19:33',NULL),(409,'LewisUniversity','lewisu.edu','2018-04-16 01:19:33','2018-04-16 01:19:33',NULL),(410,'LibertyUniversity','liberty.edu','2018-04-16 01:19:33','2018-04-16 01:19:33',NULL),(411,'LincolnUniversity','lincoln.edu','2018-04-16 01:19:33','2018-04-16 01:19:33',NULL),(412,'LinfieldCollege','linfield.edu','2018-04-16 01:19:33','2018-04-16 01:19:33',NULL),(413,'LockHavenUniversityofPennsylvania','lhup.edu','2018-04-16 01:19:33','2018-04-16 01:19:33',NULL),(414,'LomaLindaUniversity','llu.edu','2018-04-16 01:19:33','2018-04-16 01:19:33',NULL),(415,'LongIslandUniversity','liunet.edu','2018-04-16 01:19:33','2018-04-16 01:19:33',NULL),(416,'LongwoodCollege','lwc.edu','2018-04-16 01:19:33','2018-04-16 01:19:33',NULL),(417,'LorasCollege','loras.edu','2018-04-16 01:19:33','2018-04-16 01:19:33',NULL),(418,'LouisianaCollege','lacollege.edu','2018-04-16 01:19:33','2018-04-16 01:19:33',NULL),(419,'LouisianaStateUniversity','lsu.edu','2018-04-16 01:19:33','2018-04-16 01:19:33',NULL),(420,'LouisianaStateUniversityatAlexandria','lsua.edu','2018-04-16 01:19:33','2018-04-16 01:19:33',NULL),(421,'LouisianaTechUniversity','latech.edu','2018-04-16 01:19:33','2018-04-16 01:19:33',NULL),(422,'LoyolaCollege','loyola.edu','2018-04-16 01:19:33','2018-04-16 01:19:33',NULL),(423,'LoyolaMarymountUniversity','lmu.edu','2018-04-16 01:19:33','2018-04-16 01:19:33',NULL),(424,'LoyolaUniversityChicago','luc.edu','2018-04-16 01:19:33','2018-04-16 01:19:33',NULL),(425,'LutherCollege','luther.edu','2018-04-16 01:19:33','2018-04-16 01:19:33',NULL),(426,'LutherSeminary','luthersem.edu','2018-04-16 01:19:33','2018-04-16 01:19:33',NULL),(427,'LycomingCollege','lycoming.edu','2018-04-16 01:19:33','2018-04-16 01:19:33',NULL),(428,'LynchburgCollege','lynchburg.edu','2018-04-16 01:19:33','2018-04-16 01:19:33',NULL),(429,'LyndonStateCollege','lsc.vsc.edu','2018-04-16 01:19:33','2018-04-16 01:19:33',NULL),(430,'LyonCollege','lyon.edu','2018-04-16 01:19:33','2018-04-16 01:19:33',NULL),(431,'MacalesterCollege','macalstr.edu','2018-04-16 01:19:33','2018-04-16 01:19:33',NULL),(432,'MaharishiUniversityofManagement','mum.edu','2018-04-16 01:19:33','2018-04-16 01:19:33',NULL),(433,'MaloneCollege','malone.edu','2018-04-16 01:19:33','2018-04-16 01:19:33',NULL),(434,'ManhattanCollege','mancol.edu','2018-04-16 01:19:33','2018-04-16 01:19:33',NULL),(435,'MankatoStateUniversity','mankato.msus.edu','2018-04-16 01:19:33','2018-04-16 01:19:33',NULL),(436,'MansfieldUniversityofPennsylvania','mnsfld.edu','2018-04-16 01:19:33','2018-04-16 01:19:33',NULL),(437,'MariettaCollege','marietta.edu','2018-04-16 01:19:33','2018-04-16 01:19:33',NULL),(438,'MaristCollege','marist.edu','2018-04-16 01:19:33','2018-04-16 01:19:33',NULL),(439,'MarlboroCollege','marlboro.edu','2018-04-16 01:19:33','2018-04-16 01:19:33',NULL),(440,'MarquetteUniversity','mu.edu','2018-04-16 01:19:33','2018-04-16 01:19:33',NULL),(441,'MarshallUniversity','marshall.edu','2018-04-16 01:19:33','2018-04-16 01:19:33',NULL),(442,'MaryBaldwinCollege','mbc.edu','2018-04-16 01:19:33','2018-04-16 01:19:33',NULL),(443,'MarymountCollege','marymt.edu','2018-04-16 01:19:33','2018-04-16 01:19:33',NULL),(444,'MarymountUniversity','marymount.edu','2018-04-16 01:19:33','2018-04-16 01:19:33',NULL),(445,'MaryWashingtonCollege','mwc.edu','2018-04-16 01:19:33','2018-04-16 01:19:33',NULL),(446,'MassachusettsInstituteofTechnology','mit.edu','2018-04-16 01:19:33','2018-04-16 01:19:33',NULL),(447,'McMurryUniversity','mcm.acu.edu','2018-04-16 01:19:33','2018-04-16 01:19:33',NULL),(448,'McNeeseStateUniversity','mcneese.edu','2018-04-16 01:19:33','2018-04-16 01:19:33',NULL),(449,'MedicalCollegeofGeorgia','mcg.edu','2018-04-16 01:19:33','2018-04-16 01:19:33',NULL),(450,'MedicalCollegeofWisconsin','mcw.edu','2018-04-16 01:19:33','2018-04-16 01:19:33',NULL),(451,'MercerUniversity','mercer.peachnet.edu','2018-04-16 01:19:33','2018-04-16 01:19:33',NULL),(452,'MercyhurstCollege','mercy.edu','2018-04-16 01:19:33','2018-04-16 01:19:33',NULL),(453,'MeredithCollege','meredith.edu','2018-04-16 01:19:33','2018-04-16 01:19:33',NULL),(454,'MessiahCollege','messiah.edu','2018-04-16 01:19:33','2018-04-16 01:19:33',NULL),(455,'MetropolitanStateCollegeofDenver','mscd.edu','2018-04-16 01:19:33','2018-04-16 01:19:33',NULL),(456,'MetropolitanStateUniversity','metro.msus.edu','2018-04-16 01:19:33','2018-04-16 01:19:33',NULL),(457,'MiamiChristianUniversity','mcu.edu','2018-04-16 01:19:33','2018-04-16 01:19:33',NULL),(458,'MiamiUniversityofOhio','muohio.edu','2018-04-16 01:19:33','2018-04-16 01:19:33',NULL),(459,'MichiganStateUniversity','msu.edu','2018-04-16 01:19:33','2018-04-16 01:19:33',NULL),(460,'MichiganTechnologicalUniversity','mtu.edu','2018-04-16 01:19:33','2018-04-16 01:19:33',NULL),(461,'Mid-AmericaNazareneCollege','manc.edu','2018-04-16 01:19:33','2018-04-16 01:19:33',NULL),(462,'MiddleburyCollege','middlebury.edu','2018-04-16 01:19:33','2018-04-16 01:19:33',NULL),(463,'MiddleGeorgiaCollege','mgc.peachnet.edu','2018-04-16 01:19:33','2018-04-16 01:19:33',NULL),(464,'MiddleTennesseeStateUniversity','mtsu.edu','2018-04-16 01:19:33','2018-04-16 01:19:33',NULL),(465,'MidwesternStateUniversity','mwsu.edu','2018-04-16 01:19:33','2018-04-16 01:19:33',NULL),(466,'MillersvilleUniversityofPennsylvania','millersv.edu','2018-04-16 01:19:33','2018-04-16 01:19:33',NULL),(467,'MilliganCollege','milligan-college.tn.us','2018-04-16 01:19:33','2018-04-16 01:19:33',NULL),(468,'MillikinUniversity','millikin.edu','2018-04-16 01:19:33','2018-04-16 01:19:33',NULL),(469,'MillsapsCollege','millsaps.edu','2018-04-16 01:19:33','2018-04-16 01:19:33',NULL),(470,'MilwaukeeSchoolofEngineering','msoe.edu','2018-04-16 01:19:33','2018-04-16 01:19:33',NULL),(471,'MinotStateUniversity','misu.nodak.edu','2018-04-16 01:19:33','2018-04-16 01:19:33',NULL),(472,'MinneapolisCollegeofArtandDesign','mcad.edu','2018-04-16 01:19:33','2018-04-16 01:19:33',NULL),(473,'MississippiCollege','mc.edu','2018-04-16 01:19:33','2018-04-16 01:19:33',NULL),(474,'MississippiStateUniversity','msstate.edu','2018-04-16 01:19:33','2018-04-16 01:19:33',NULL),(475,'MississippiUniversityforWomen','muw.edu','2018-04-16 01:19:33','2018-04-16 01:19:33',NULL),(476,'MissouriSouthernStateCollege','mssc.edu','2018-04-16 01:19:33','2018-04-16 01:19:33',NULL),(477,'MissouriWesternStateCollege','mwsc.edu','2018-04-16 01:19:33','2018-04-16 01:19:33',NULL),(478,'MolloyCollege','molloy.edu','2018-04-16 01:19:33','2018-04-16 01:19:33',NULL),(479,'MonmouthCollege','monm.edu','2018-04-16 01:19:33','2018-04-16 01:19:33',NULL),(480,'MonmouthUniversity','monmouth.edu','2018-04-16 01:19:33','2018-04-16 01:19:33',NULL),(481,'MontanaStateUniversity-Billings','msubillings.edu','2018-04-16 01:19:33','2018-04-16 01:19:33',NULL),(482,'MontanaStateUniversity-Bozeman','montana.edu','2018-04-16 01:19:33','2018-04-16 01:19:33',NULL),(483,'MontanaStateUniversity-Northern','nmclites.edu','2018-04-16 01:19:33','2018-04-16 01:19:33',NULL),(484,'MontanaTech','mtech.edu','2018-04-16 01:19:33','2018-04-16 01:19:33',NULL),(485,'MontclairStateUniversity','montclair.edu','2018-04-16 01:19:33','2018-04-16 01:19:33',NULL),(486,'MontreatCollege','montreat.edu','2018-04-16 01:19:33','2018-04-16 01:19:33',NULL),(487,'MoravianCollege','moravian.edu','2018-04-16 01:19:33','2018-04-16 01:19:33',NULL),(488,'MoorheadStateUniversity','moorhead.msus.edu','2018-04-16 01:19:33','2018-04-16 01:19:33',NULL),(489,'MorganStateUniversity','morgan.edu','2018-04-16 01:19:33','2018-04-16 01:19:33',NULL),(490,'MountSenarioCollege','mscfs.edu','2018-04-16 01:19:33','2018-04-16 01:19:33',NULL),(491,'MountHolyokeCollege','mtholyoke.edu','2018-04-16 01:19:33','2018-04-16 01:19:33',NULL),(492,'MountSaintJosephCollege','msjnet.edu','2018-04-16 01:19:33','2018-04-16 01:19:33',NULL),(493,'MountSaintMaryCollege','msmc.edu','2018-04-16 01:19:33','2018-04-16 01:19:33',NULL),(494,'MountUnionCollege','muc.edu','2018-04-16 01:19:33','2018-04-16 01:19:33',NULL),(495,'MurrayStateUniversity','mursuky.edu','2018-04-16 01:19:33','2018-04-16 01:19:33',NULL),(496,'MuskingumCollege','muskingum.edu','2018-04-16 01:19:33','2018-04-16 01:19:33',NULL),(497,'NationalDefenseUniversity','ndu.edu','2018-04-16 01:19:33','2018-04-16 01:19:33',NULL),(498,'National-LouisUniversity','nl.edu','2018-04-16 01:19:33','2018-04-16 01:19:33',NULL),(499,'NationalTechnologicalUniversity','ntu.edu','2018-04-16 01:19:33','2018-04-16 01:19:33',NULL),(500,'NationalUniversity','nu.edu','2018-04-16 01:19:33','2018-04-16 01:19:33',NULL),(501,'NavalPostgraduateSchool','nps.navy.mil','2018-04-16 01:19:33','2018-04-16 01:19:33',NULL),(502,'NazarethCollege','naz.edu','2018-04-16 01:19:33','2018-04-16 01:19:33',NULL),(503,'NewberryCollege','newberry.edu','2018-04-16 01:19:33','2018-04-16 01:19:33',NULL),(504,'NewCollegeofCalifornia','newcollege.edu','2018-04-16 01:19:33','2018-04-16 01:19:33',NULL),(505,'NewHampshireCollege','nhc.edu','2018-04-16 01:19:33','2018-04-16 01:19:33',NULL),(506,'NewJerseyInstituteofTechnology','njit.edu','2018-04-16 01:19:33','2018-04-16 01:19:33',NULL),(507,'NewMexicoHighlandsUniversity','nmhu.edu','2018-04-16 01:19:33','2018-04-16 01:19:33',NULL),(508,'NewMexicoInstituteofMining&Technology','nmt.edu','2018-04-16 01:19:33','2018-04-16 01:19:33',NULL),(509,'NewMexicoStateUniversity','nmsu.edu','2018-04-16 01:19:33','2018-04-16 01:19:33',NULL),(510,'NewYorkInstituteofTechnology','nyit.edu','2018-04-16 01:19:33','2018-04-16 01:19:33',NULL),(511,'NewYorkUniversity','nyu.edu','2018-04-16 01:19:33','2018-04-16 01:19:33',NULL),(512,'NiagaraUniversity','niagara.edu','2018-04-16 01:19:33','2018-04-16 01:19:33',NULL),(513,'NichollsStateUniversity','nich.edu','2018-04-16 01:19:33','2018-04-16 01:19:33',NULL),(514,'NorfolkStateUniversity','nsu.edu','2018-04-16 01:19:33','2018-04-16 01:19:33',NULL),(515,'NorthAdamsStateCollege','nasc.mass.edu','2018-04-16 01:19:33','2018-04-16 01:19:33',NULL),(516,'NorthCarolinaCentralUniversity','NCCU.edu','2018-04-16 01:19:33','2018-04-16 01:19:33',NULL),(517,'NorthCarolinaA&TStateUniversity','ncat.edu','2018-04-16 01:19:33','2018-04-16 01:19:33',NULL),(518,'NorthCarolinaStateUniversity','ncsu.edu','2018-04-16 01:19:33','2018-04-16 01:19:33',NULL),(519,'NorthCarolinaWesleyanCollege','ncwc.edu','2018-04-16 01:19:33','2018-04-16 01:19:33',NULL),(520,'NorthCentralBibleCollege','ncbc.edu','2018-04-16 01:19:33','2018-04-16 01:19:33',NULL),(521,'NorthDakotaStateUniversity','ndsu.nodak.edu','2018-04-16 01:19:33','2018-04-16 01:19:33',NULL),(522,'NorthlandCollege','northland.edu','2018-04-16 01:19:33','2018-04-16 01:19:33',NULL),(523,'NorthParkCollegeandTheologicalSeminary','npcts.edu','2018-04-16 01:19:33','2018-04-16 01:19:33',NULL),(524,'NortheasternLouisianaUniversity','nlu.edu','2018-04-16 01:19:33','2018-04-16 01:19:33',NULL),(525,'NortheasternStateUniversity','nsuok.edu','2018-04-16 01:19:33','2018-04-16 01:19:33',NULL),(526,'NortheasternUniversity','northeastern.edu','2018-04-16 01:19:33','2018-04-16 01:19:33',NULL),(527,'NorthernArizonaUniversity','nau.edu','2018-04-16 01:19:33','2018-04-16 01:19:33',NULL),(528,'NorthernIllinoisUniversity','niu.edu','2018-04-16 01:19:33','2018-04-16 01:19:33',NULL),(529,'NorthernKentuckyUniversity','nku.edu','2018-04-16 01:19:33','2018-04-16 01:19:33',NULL),(530,'NorthernMichiganUniversity','nmu.edu','2018-04-16 01:19:33','2018-04-16 01:19:33',NULL),(531,'NorthernStateUniversity','northern.edu','2018-04-16 01:19:33','2018-04-16 01:19:33',NULL),(532,'NorthwestMissouriStateUniversity','nwmissouri.edu','2018-04-16 01:19:33','2018-04-16 01:19:33',NULL),(533,'NorthwestNazareneCollege','nnc.edu','2018-04-16 01:19:33','2018-04-16 01:19:33',NULL),(534,'NorthwesternCollegeofIowa','nwciowa.edu','2018-04-16 01:19:33','2018-04-16 01:19:33',NULL),(535,'NorthwesternStateUniversity','nsula.edu','2018-04-16 01:19:33','2018-04-16 01:19:33',NULL),(536,'NorthwesternUniversity','nwu.edu','2018-04-16 01:19:33','2018-04-16 01:19:33',NULL),(537,'NorwichUniversity','norwich.edu','2018-04-16 01:19:33','2018-04-16 01:19:33',NULL),(538,'NovaSoutheasternUniversity','nova.edu','2018-04-16 01:19:33','2018-04-16 01:19:33',NULL),(539,'OaklandUniversity','oakland.edu','2018-04-16 01:19:33','2018-04-16 01:19:33',NULL),(540,'OberlinCollege','oberlin.edu','2018-04-16 01:19:33','2018-04-16 01:19:33',NULL),(541,'OccidentalCollege','oxy.edu','2018-04-16 01:19:33','2018-04-16 01:19:33',NULL),(542,'OhioDominicanCollege','odc.edu','2018-04-16 01:19:33','2018-04-16 01:19:33',NULL),(543,'OhioNorthernUniversity','onu.edu','2018-04-16 01:19:33','2018-04-16 01:19:33',NULL),(544,'OhioStateUniversity,Columbus','ohio-state.edu','2018-04-16 01:19:33','2018-04-16 01:19:33',NULL),(545,'OhioStateUniversity,Marion','marion.ohio-state.edu','2018-04-16 01:19:33','2018-04-16 01:19:33',NULL),(546,'OhioWesleyanUniversity','owu.edu','2018-04-16 01:19:33','2018-04-16 01:19:33',NULL),(547,'OhioUniversity,Athens','ohiou.edu','2018-04-16 01:19:33','2018-04-16 01:19:33',NULL),(548,'OklahomaBaptistUniversity','okbu.edu','2018-04-16 01:19:33','2018-04-16 01:19:33',NULL),(549,'OklahomaCityUniversity','okcu.edu','2018-04-16 01:19:33','2018-04-16 01:19:33',NULL),(550,'OklahomaStateUniversity','okstate.edu','2018-04-16 01:19:33','2018-04-16 01:19:33',NULL),(551,'OldDominionUniversity','odu.edu','2018-04-16 01:19:33','2018-04-16 01:19:33',NULL),(552,'OlivetNazareneUniversity','olivet.edu','2018-04-16 01:19:33','2018-04-16 01:19:33',NULL),(553,'OralRobertsUniversity','oru.edu','2018-04-16 01:19:33','2018-04-16 01:19:33',NULL),(554,'OregonGraduateInstituteofScienceandTechnology','ogi.edu','2018-04-16 01:19:33','2018-04-16 01:19:33',NULL),(555,'OregonHealthSciencesUniversity','ohsu.edu','2018-04-16 01:19:33','2018-04-16 01:19:33',NULL),(556,'OregonInstituteofTechnology','oit.osshe.edu','2018-04-16 01:19:33','2018-04-16 01:19:33',NULL),(557,'OregonStateUniversity','orst.edu','2018-04-16 01:19:33','2018-04-16 01:19:33',NULL),(558,'OtterbeinCollege','otterbein.edu','2018-04-16 01:19:33','2018-04-16 01:19:33',NULL),(559,'OurLadyoftheLakeUniversity','ollusa.edu','2018-04-16 01:19:33','2018-04-16 01:19:33',NULL),(560,'PaceUniversity','pace.edu','2018-04-16 01:19:33','2018-04-16 01:19:33',NULL),(561,'PacificLutheranUniversity','plu.edu','2018-04-16 01:19:33','2018-04-16 01:19:33',NULL),(562,'PacificUnionCollege','puc.edu','2018-04-16 01:19:33','2018-04-16 01:19:33',NULL),(563,'PacificUniversity','pacificu.edu','2018-04-16 01:19:33','2018-04-16 01:19:33',NULL),(564,'PacificWesternUniversity','pwu.com','2018-04-16 01:19:33','2018-04-16 01:19:33',NULL),(565,'PalmBeachAtlanticCollege','pbac.edu','2018-04-16 01:19:33','2018-04-16 01:19:33',NULL),(566,'PeaceCollege','Peace.edu','2018-04-16 01:19:33','2018-04-16 01:19:33',NULL),(567,'PembrokeStateUniversity','pembroke.edu','2018-04-16 01:19:33','2018-04-16 01:19:33',NULL),(568,'PennsylvaniaStateSystemofHigherEducation','sshechan.edu','2018-04-16 01:19:33','2018-04-16 01:19:33',NULL),(569,'PennsylvaniaStateUniversity','psu.edu','2018-04-16 01:19:33','2018-04-16 01:19:33',NULL),(570,'PennsylvaniaStateUniversity-SchuylkillCampus','sl.psu.edu','2018-04-16 01:19:33','2018-04-16 01:19:33',NULL),(571,'PensacolaChristianCollege','pcci.edu','2018-04-16 01:19:33','2018-04-16 01:19:33',NULL),(572,'PepperdineUniversity','pepperdine.edu','2018-04-16 01:19:33','2018-04-16 01:19:33',NULL),(573,'PeruStateCollege','peru.edu','2018-04-16 01:19:33','2018-04-16 01:19:33',NULL),(574,'PhiladelphiaCollegeofTextilesandScience','philacol.edu','2018-04-16 01:19:33','2018-04-16 01:19:33',NULL),(575,'PhillipsUniversity','phillips.edu','2018-04-16 01:19:33','2018-04-16 01:19:33',NULL),(576,'PittsburgStateUniversity','pittstate.edu','2018-04-16 01:19:33','2018-04-16 01:19:33',NULL),(577,'PitzerCollege','pitzer.edu','2018-04-16 01:19:33','2018-04-16 01:19:33',NULL),(578,'PlattCollege','platt.edu','2018-04-16 01:19:33','2018-04-16 01:19:33',NULL),(579,'PlymouthStateCollege','plymouth.edu','2018-04-16 01:19:33','2018-04-16 01:19:33',NULL),(580,'PolytechnicUniversityofNewYork','poly.edu','2018-04-16 01:19:33','2018-04-16 01:19:33',NULL),(581,'PolytechnicUniversityofPuertoRico','pupr.edu','2018-04-16 01:19:33','2018-04-16 01:19:33',NULL),(582,'PomonaCollege','pomona.edu','2018-04-16 01:19:33','2018-04-16 01:19:33',NULL),(583,'PortlandStateUniversity','pdx.edu','2018-04-16 01:19:33','2018-04-16 01:19:33',NULL),(584,'PrairieViewA&MUniversity','pvamu.edu','2018-04-16 01:19:33','2018-04-16 01:19:33',NULL),(585,'PrattInstitute','pratt.edu','2018-04-16 01:19:33','2018-04-16 01:19:33',NULL),(586,'PrescottCollege','asu.edu','2018-04-16 01:19:33','2018-04-16 01:19:33',NULL),(587,'PrincetonUniversity','princeton.edu','2018-04-16 01:19:33','2018-04-16 01:19:33',NULL),(588,'PresbyterianCollege','presby.edu','2018-04-16 01:19:33','2018-04-16 01:19:33',NULL),(589,'ProvidenceCollege','providence.edu','2018-04-16 01:19:33','2018-04-16 01:19:33',NULL),(590,'PurdueUniversity','purdue.edu','2018-04-16 01:19:33','2018-04-16 01:19:33',NULL),(591,'PurdueUniversityCalumet','purdue.edu','2018-04-16 01:19:33','2018-04-16 01:19:33',NULL),(592,'PurdueUniversityNorthCentral','purduenc.edu','2018-04-16 01:19:33','2018-04-16 01:19:33',NULL),(593,'QuincyUniversity','quincy.edu','2018-04-16 01:19:33','2018-04-16 01:19:33',NULL),(594,'QuinnipiacCollege','quinnipiac.edu','2018-04-16 01:19:33','2018-04-16 01:19:33',NULL),(595,'RadfordUniversity','runet.edu','2018-04-16 01:19:33','2018-04-16 01:19:33',NULL),(596,'RamapoCollege','ramapo.edu','2018-04-16 01:19:33','2018-04-16 01:19:33',NULL),(597,'Randolph-MaconCollege','rmc.edu','2018-04-16 01:19:33','2018-04-16 01:19:33',NULL),(598,'Randolph-MaconWoman\'sCollege','rmwc.edu','2018-04-16 01:19:33','2018-04-16 01:19:33',NULL),(599,'ReedCollege','reed.edu','2018-04-16 01:19:33','2018-04-16 01:19:33',NULL),(600,'RegentUniversity','regent.edu','2018-04-16 01:19:33','2018-04-16 01:19:33',NULL),(601,'RegisUniversity','regis.edu','2018-04-16 01:19:33','2018-04-16 01:19:33',NULL),(602,'RensselaerPolytechnicInstitute','rpi.edu','2018-04-16 01:19:33','2018-04-16 01:19:33',NULL),(603,'RhodeIslandCollege','ric.edu','2018-04-16 01:19:33','2018-04-16 01:19:33',NULL),(604,'RhodesCollege','rhodes.edu','2018-04-16 01:19:33','2018-04-16 01:19:33',NULL),(605,'RiceUniversity','rice.edu','2018-04-16 01:19:33','2018-04-16 01:19:33',NULL),(606,'RichardStocktonCollegeofNewJersey','stockton.edu','2018-04-16 01:19:33','2018-04-16 01:19:33',NULL),(607,'RiderUniversity','rider.edu','2018-04-16 01:19:33','2018-04-16 01:19:33',NULL),(608,'RiponCollege','Ripon.EDU','2018-04-16 01:19:33','2018-04-16 01:19:33',NULL),(609,'RivierCollege','riv.edu','2018-04-16 01:19:33','2018-04-16 01:19:33',NULL),(610,'RoanokeCollege','roanoke.edu','2018-04-16 01:19:33','2018-04-16 01:19:33',NULL),(611,'RochesterInstituteofTechnology','rit.edu','2018-04-16 01:19:33','2018-04-16 01:19:33',NULL),(612,'TheRockefellerUniversity','rockefeller.edu','2018-04-16 01:19:33','2018-04-16 01:19:33',NULL),(613,'RockfordCollege','rockford.edu','2018-04-16 01:19:33','2018-04-16 01:19:33',NULL),(614,'RockhurstCollege','rockhurst.edu','2018-04-16 01:19:33','2018-04-16 01:19:33',NULL),(615,'RockyMountainCollege','rocky.edu','2018-04-16 01:19:33','2018-04-16 01:19:33',NULL),(616,'RogerWilliamsUniversity','rwu.edu','2018-04-16 01:19:33','2018-04-16 01:19:33',NULL),(617,'RollinsCollege','rollins.edu','2018-04-16 01:19:33','2018-04-16 01:19:33',NULL),(618,'RosaryCollege','rosary.edu','2018-04-16 01:19:33','2018-04-16 01:19:33',NULL),(619,'Rose-HulmanInstituteofTechnology','rose-hulman.edu','2018-04-16 01:19:33','2018-04-16 01:19:33',NULL),(620,'RowanCollege','rowan.edu','2018-04-16 01:19:33','2018-04-16 01:19:33',NULL),(621,'RutgersUniversity','rutgers.edu','2018-04-16 01:19:33','2018-04-16 01:19:33',NULL),(622,'RutgersUniversity,Camden','rutgers.edu','2018-04-16 01:19:33','2018-04-16 01:19:33',NULL),(623,'RutgersUniversity,Newark','rutgers.edu','2018-04-16 01:19:33','2018-04-16 01:19:33',NULL),(624,'TheSageColleges','sage.edu','2018-04-16 01:19:33','2018-04-16 01:19:33',NULL),(625,'SacredHeartUniversity(CT)','sacredheart.edu','2018-04-16 01:19:33','2018-04-16 01:19:33',NULL),(626,'SacredHeartUniversity(PR)','usc.clu.edu','2018-04-16 01:19:33','2018-04-16 01:19:33',NULL),(627,'SaginawValleyStateUniversity','svsu.edu','2018-04-16 01:19:33','2018-04-16 01:19:33',NULL),(628,'St.AmbroseUniversity','sau.edu','2018-04-16 01:19:33','2018-04-16 01:19:33',NULL),(629,'St.AndrewsPresbyterianCollege','sapc.edu','2018-04-16 01:19:33','2018-04-16 01:19:33',NULL),(630,'SaintAnselmCollege','anselm.edu','2018-04-16 01:19:33','2018-04-16 01:19:33',NULL),(631,'St.BonaventureUniversity','sbu.edu','2018-04-16 01:19:33','2018-04-16 01:19:33',NULL),(632,'SaintCloudStateUniversity','stcloud.msus.edu','2018-04-16 01:19:33','2018-04-16 01:19:33',NULL),(633,'SaintEdward\'sUniversity','stedwards.edu','2018-04-16 01:19:33','2018-04-16 01:19:33',NULL),(634,'SaintFrancisCollege','sfcpa.edu','2018-04-16 01:19:33','2018-04-16 01:19:33',NULL),(635,'St.John\'sCollege-Annapolis','sjca.edu','2018-04-16 01:19:33','2018-04-16 01:19:33',NULL),(636,'St.John\'sCollege-SantaFe','sjcsf.edu','2018-04-16 01:19:33','2018-04-16 01:19:33',NULL),(637,'SaintJohn\'sUniversity(MN)','csbsju.edu','2018-04-16 01:19:33','2018-04-16 01:19:33',NULL),(638,'SaintJohn\'sUniversity(NY)','stjohns.edu','2018-04-16 01:19:33','2018-04-16 01:19:33',NULL),(639,'St.JosephCollege(CT)','sjc.edu','2018-04-16 01:19:33','2018-04-16 01:19:33',NULL),(640,'SaintJoseph\'sCollege(IN)','saintjoe.edu','2018-04-16 01:19:33','2018-04-16 01:19:33',NULL),(641,'St.Joseph\'sCollege(ME)','sjcme.edu','2018-04-16 01:19:33','2018-04-16 01:19:33',NULL),(642,'SaintJoseph\'sUniversity','sju.edu','2018-04-16 01:19:33','2018-04-16 01:19:33',NULL),(643,'St.LawrenceUniversity','stlawu.edu','2018-04-16 01:19:33','2018-04-16 01:19:33',NULL),(644,'St.LouisCollegeofPharmacy','stlcop.edu','2018-04-16 01:19:33','2018-04-16 01:19:33',NULL),(645,'SaintLouisUniversity','slu.edu','2018-04-16 01:19:33','2018-04-16 01:19:33',NULL),(646,'St.Martin\'sCollege','stmartin.edu','2018-04-16 01:19:33','2018-04-16 01:19:33',NULL),(647,'SaintMaryCollege','smcks.edu','2018-04-16 01:19:33','2018-04-16 01:19:33',NULL),(648,'SaintMary\'sCollege(IN)','saintmarys.edu','2018-04-16 01:19:33','2018-04-16 01:19:33',NULL),(649,'SaintMary\'sCollegeofCalifornia','stmarys-ca.edu','2018-04-16 01:19:33','2018-04-16 01:19:33',NULL),(650,'SaintMary\'sUniversityofMinnesota','smumn.edu','2018-04-16 01:19:33','2018-04-16 01:19:33',NULL),(651,'SaintMichael\'sCollege','smcvt.edu','2018-04-16 01:19:33','2018-04-16 01:19:33',NULL),(652,'SaintOlafCollege','stolaf.edu','2018-04-16 01:19:33','2018-04-16 01:19:33',NULL),(653,'St.ThomasUniversity(FL)','stu.edu','2018-04-16 01:19:33','2018-04-16 01:19:33',NULL),(654,'SaintVincentCollege','stvincent.edu','2018-04-16 01:19:33','2018-04-16 01:19:33',NULL),(655,'SaintXavierUniversity','sxu.edu','2018-04-16 01:19:33','2018-04-16 01:19:33',NULL),(656,'SalisburyStateUniversity','ssu.umd.edu','2018-04-16 01:19:33','2018-04-16 01:19:33',NULL),(657,'SalishKootenaiCollege','skc.edu','2018-04-16 01:19:33','2018-04-16 01:19:33',NULL),(658,'SamHoustonStateUniversity','shsu.edu','2018-04-16 01:19:33','2018-04-16 01:19:33',NULL),(659,'SamfordUniversity','samford.edu','2018-04-16 01:19:33','2018-04-16 01:19:33',NULL),(660,'SanDiegoStateUniversity','sdsu.edu','2018-04-16 01:19:33','2018-04-16 01:19:33',NULL),(661,'SanFranciscoStateUniversity','sfsu.edu','2018-04-16 01:19:33','2018-04-16 01:19:33',NULL),(662,'SanJoseStateUniversity','sjsu.edu','2018-04-16 01:19:33','2018-04-16 01:19:33',NULL),(663,'SantaClaraUniversity','scu.edu','2018-04-16 01:19:33','2018-04-16 01:19:33',NULL),(664,'SarahLawrenceCollege','slc.edu','2018-04-16 01:19:33','2018-04-16 01:19:33',NULL),(665,'SchooloftheArtInstituteofChicago','artic.edu','2018-04-16 01:19:33','2018-04-16 01:19:33',NULL),(666,'SeattlePacificUniversity','spu.edu','2018-04-16 01:19:33','2018-04-16 01:19:33',NULL),(667,'SeattleUniversity','seattleu.edu','2018-04-16 01:19:33','2018-04-16 01:19:33',NULL),(668,'SetonHallUniversity','shu.edu','2018-04-16 01:19:33','2018-04-16 01:19:33',NULL),(669,'Sewanee,UniversityoftheSouth','sewanee.edu','2018-04-16 01:19:33','2018-04-16 01:19:33',NULL),(670,'ShawneeStateUniversity','shawnee.edu','2018-04-16 01:19:33','2018-04-16 01:19:33',NULL),(671,'ShenandoahUniversity','su.edu','2018-04-16 01:19:33','2018-04-16 01:19:33',NULL),(672,'ShippensburgUniversityofPennsylvania','ship.edu','2018-04-16 01:19:33','2018-04-16 01:19:33',NULL),(673,'ShorterCollege','shorter.edu','2018-04-16 01:19:33','2018-04-16 01:19:33',NULL),(674,'SimmonsCollege','simmons.edu','2018-04-16 01:19:33','2018-04-16 01:19:33',NULL),(675,'Simon\'sRockCollege','simons-rock.edu','2018-04-16 01:19:33','2018-04-16 01:19:33',NULL),(676,'SimpsonCollege','simpson.edu','2018-04-16 01:19:33','2018-04-16 01:19:33',NULL),(677,'SkidmoreCollege','skidmore.edu','2018-04-16 01:19:33','2018-04-16 01:19:33',NULL),(678,'SlipperyRockUniversityofPennsylvania','sru.edu','2018-04-16 01:19:33','2018-04-16 01:19:33',NULL),(679,'SmithCollege','smith.edu','2018-04-16 01:19:33','2018-04-16 01:19:33',NULL),(680,'SonomaStateUniversity','sonoma.edu','2018-04-16 01:19:33','2018-04-16 01:19:33',NULL),(681,'SouthDakotaSchoolofMinesandTechnology','sdsmt.edu','2018-04-16 01:19:33','2018-04-16 01:19:33',NULL),(682,'SouthDakotaStateUniversity','sdstate.edu','2018-04-16 01:19:33','2018-04-16 01:19:33',NULL),(683,'SoutheastMissouriStateUniversity','semo.edu','2018-04-16 01:19:33','2018-04-16 01:19:33',NULL),(684,'SoutheasternLouisianaUniversity','selu.edu','2018-04-16 01:19:33','2018-04-16 01:19:33',NULL),(685,'SouthernCollege','southern.edu','2018-04-16 01:19:33','2018-04-16 01:19:33',NULL),(686,'SouthernCollegeofTechnology','sct.edu','2018-04-16 01:19:33','2018-04-16 01:19:33',NULL),(687,'SouthernConnecticutStateUniversity','scwww.ctstateu.edu','2018-04-16 01:19:33','2018-04-16 01:19:33',NULL),(688,'SouthernIllinoisUniversity','siu.edu','2018-04-16 01:19:33','2018-04-16 01:19:33',NULL),(689,'SouthernIllinoisUniversity-Carbondale','siu.edu','2018-04-16 01:19:33','2018-04-16 01:19:33',NULL),(690,'SouthernIllinoisUniversity-Edwardsville','siue.edu','2018-04-16 01:19:33','2018-04-16 01:19:33',NULL),(691,'SouthernMethodistUniversity','smu.edu','2018-04-16 01:19:33','2018-04-16 01:19:33',NULL),(692,'SouthernNazareneUniversity','snu.edu','2018-04-16 01:19:33','2018-04-16 01:19:33',NULL),(693,'SouthernOregonStateCollege','sosc.osshe.edu','2018-04-16 01:19:33','2018-04-16 01:19:33',NULL),(694,'SouthernUniversity','subr.edu','2018-04-16 01:19:33','2018-04-16 01:19:33',NULL),(695,'SouthernUtahUniversity','suu.edu','2018-04-16 01:19:33','2018-04-16 01:19:33',NULL),(696,'SouthamptonCollege','liunet.edu','2018-04-16 01:19:33','2018-04-16 01:19:33',NULL),(697,'SouthTexasCollegeofLaw','stcl.edu','2018-04-16 01:19:33','2018-04-16 01:19:33',NULL),(698,'SouthwestBaptistUniversity','sbuniv.edu','2018-04-16 01:19:33','2018-04-16 01:19:33',NULL),(699,'SouthwestMissouriStateUniversity','smsu.edu','2018-04-16 01:19:33','2018-04-16 01:19:33',NULL),(700,'SouthwestStateUniversity','southwest.msus.edu','2018-04-16 01:19:33','2018-04-16 01:19:33',NULL),(701,'SouthwestTexasStateUniversity','swt.edu','2018-04-16 01:19:33','2018-04-16 01:19:33',NULL),(702,'SouthwesternAdventistCollege','swac.edu','2018-04-16 01:19:33','2018-04-16 01:19:33',NULL),(703,'SouthwesternUniversity','southwestern.edu','2018-04-16 01:19:33','2018-04-16 01:19:33',NULL),(704,'SpelmanCollege','auc.edu','2018-04-16 01:19:33','2018-04-16 01:19:33',NULL),(705,'SpringArborCollege','arbor.edu','2018-04-16 01:19:33','2018-04-16 01:19:33',NULL),(706,'SpringHillCollege','shc.edu','2018-04-16 01:19:33','2018-04-16 01:19:33',NULL),(707,'StanfordUniversity','stanford.edu','2018-04-16 01:19:33','2018-04-16 01:19:33',NULL),(708,'StateUniversityofNewYorkSystem','sunycentral.edu','2018-04-16 01:19:33','2018-04-16 01:19:33',NULL),(709,'StateUniversityofNewYorkatAlbany','albany.edu','2018-04-16 01:19:33','2018-04-16 01:19:33',NULL),(710,'StateUniversityofNewYorkCollegeofTechnologyatAlfred','alfredtech.edu','2018-04-16 01:19:33','2018-04-16 01:19:33',NULL),(711,'StateUniversityofNewYorkatBinghamton','binghamton.edu','2018-04-16 01:19:33','2018-04-16 01:19:33',NULL),(712,'StateUniversityofNewYorkCollegeatBrockport','brockport.edu','2018-04-16 01:19:33','2018-04-16 01:19:33',NULL),(713,'StateUniversityofNewYorkatBuffalo','buffalo.edu','2018-04-16 01:19:33','2018-04-16 01:19:33',NULL),(714,'StateUniversityofNewYorkCollegeatBuffalo(BuffaloStateCollege)','snybuf.edu','2018-04-16 01:19:33','2018-04-16 01:19:33',NULL),(715,'StateUniversityofNewYorkCollegeofAgricultureandTechnologyatCobleskill','cobleskill.edu','2018-04-16 01:19:33','2018-04-16 01:19:33',NULL),(716,'StateUniversityofNewYorkCollegeatCortland','cortland.edu','2018-04-16 01:19:33','2018-04-16 01:19:33',NULL),(717,'StateUniversityofNewYorkCollegeofEnvironmentalScienceandForestry','esf.edu','2018-04-16 01:19:33','2018-04-16 01:19:33',NULL),(718,'StateUniversityofNewYorkatFarmingdale','farmingdale.edu','2018-04-16 01:19:33','2018-04-16 01:19:33',NULL),(719,'StateUniversityofNewYorkatFredonia','fredonia.edu','2018-04-16 01:19:33','2018-04-16 01:19:33',NULL),(720,'StateUniversityofNewYorkCollegeatGeneseo','geneseo.edu','2018-04-16 01:19:33','2018-04-16 01:19:33',NULL),(721,'StateUniversityofNewYorkCollegeatNewPaltz','newpaltz.edu','2018-04-16 01:19:33','2018-04-16 01:19:33',NULL),(722,'StateUniversityofNewYorkatOswego','oswego.edu','2018-04-16 01:19:33','2018-04-16 01:19:33',NULL),(723,'StateUniversityofNewYorkatPlattsburgh','plattsburgh.edu','2018-04-16 01:19:33','2018-04-16 01:19:33',NULL),(724,'StateUniversityofNewYorkCollegeatPotsdam','potsdam.edu','2018-04-16 01:19:33','2018-04-16 01:19:33',NULL),(725,'StateUniversityofNewYorkatStonyBrook','sunysb.edu','2018-04-16 01:19:33','2018-04-16 01:19:33',NULL),(726,'StateUniversityofNewYorkInstituteofTechnologyatUtica/Rome','sunyit.edu','2018-04-16 01:19:33','2018-04-16 01:19:33',NULL),(727,'StephenF.AustinStateUniversity','sfasu.edu','2018-04-16 01:19:33','2018-04-16 01:19:33',NULL),(728,'StephensCollege','stephens.edu','2018-04-16 01:19:33','2018-04-16 01:19:33',NULL),(729,'StetsonUniversity','stetson.edu','2018-04-16 01:19:33','2018-04-16 01:19:33',NULL),(730,'StevensInstituteofTechnology','stevens-tech.edu','2018-04-16 01:19:33','2018-04-16 01:19:33',NULL),(731,'StrayerCollege','strayer.edu','2018-04-16 01:19:33','2018-04-16 01:19:33',NULL),(732,'SuffolkUniversity','suffolk.edu','2018-04-16 01:19:33','2018-04-16 01:19:33',NULL),(733,'SulRossStateUniversity','sulross.edu','2018-04-16 01:19:33','2018-04-16 01:19:33',NULL),(734,'SummitUniversityofLouisiana','summitunivofla.edu','2018-04-16 01:19:33','2018-04-16 01:19:33',NULL),(735,'SusquehannaUniversity','susqu.edu','2018-04-16 01:19:33','2018-04-16 01:19:33',NULL),(736,'SwarthmoreCollege','swarthmore.edu','2018-04-16 01:19:33','2018-04-16 01:19:33',NULL),(737,'SweetBriarCollege','sbc.edu','2018-04-16 01:19:33','2018-04-16 01:19:33',NULL),(738,'SyracuseUniversity','syr.edu','2018-04-16 01:19:33','2018-04-16 01:19:33',NULL),(739,'TaborCollege','tabor.edu','2018-04-16 01:19:33','2018-04-16 01:19:33',NULL),(740,'TarletonStateUniversity','tarleton.edu','2018-04-16 01:19:33','2018-04-16 01:19:33',NULL),(741,'TaylorUniversity','tayloru.edu','2018-04-16 01:19:33','2018-04-16 01:19:33',NULL),(742,'TeachersCollege,ColumbiaUniversity','tc.columbia.edu','2018-04-16 01:19:33','2018-04-16 01:19:33',NULL),(743,'TeikyoMarycrestUniversity','mcrest.edu','2018-04-16 01:19:33','2018-04-16 01:19:33',NULL),(744,'TempleUniversity','temple.edu','2018-04-16 01:19:33','2018-04-16 01:19:33',NULL),(745,'TennesseeStateUniversity','tnstate.edu','2018-04-16 01:19:33','2018-04-16 01:19:33',NULL),(746,'TennesseeTechnologicalUniversity','tntech.edu','2018-04-16 01:19:33','2018-04-16 01:19:33',NULL),(747,'TexasA&MInternationalUniversity','tamiu.edu','2018-04-16 01:19:33','2018-04-16 01:19:33',NULL),(748,'TexasA&MUniversity-CollegeStation','tamu.edu','2018-04-16 01:19:33','2018-04-16 01:19:33',NULL),(749,'TexasA&MUniversity-CorpusChristi','tamucc.edu','2018-04-16 01:19:33','2018-04-16 01:19:33',NULL),(750,'TexasA&MUniversity-Kingsville','taiu.edu','2018-04-16 01:19:33','2018-04-16 01:19:33',NULL),(751,'TexasChristianUniversity','tcu.edu','2018-04-16 01:19:33','2018-04-16 01:19:33',NULL),(752,'TexasSouthernUniversity','tsu.edu','2018-04-16 01:19:33','2018-04-16 01:19:33',NULL),(753,'TexasTechUniversity','ttu.edu','2018-04-16 01:19:33','2018-04-16 01:19:33',NULL),(754,'TexasTechUniversity-HealthSciencesCenter','ttuhsc.edu','2018-04-16 01:19:33','2018-04-16 01:19:33',NULL),(755,'TexasWoman\'sUniversity','twu.edu','2018-04-16 01:19:33','2018-04-16 01:19:33',NULL),(756,'ThomasCollege','thomas.edu','2018-04-16 01:19:33','2018-04-16 01:19:33',NULL),(757,'ThomasEdisonStateCollege','tesc.edu','2018-04-16 01:19:33','2018-04-16 01:19:33',NULL),(758,'ThomasJeffersonUniversity','tju.edu','2018-04-16 01:19:33','2018-04-16 01:19:33',NULL),(759,'ThomasMoreCollege','thomasmore.edu','2018-04-16 01:19:33','2018-04-16 01:19:33',NULL),(760,'TowsonStateUniversity','towson.edu','2018-04-16 01:19:33','2018-04-16 01:19:33',NULL),(761,'TransylvaniaUniversity','transy.edu','2018-04-16 01:19:33','2018-04-16 01:19:33',NULL),(762,'TrentonStateCollege','trenton.edu','2018-04-16 01:19:33','2018-04-16 01:19:33',NULL),(763,'TrinityCollege(CT)','trincoll.edu','2018-04-16 01:19:33','2018-04-16 01:19:33',NULL),(764,'TrinityUniversity','trinity.edu','2018-04-16 01:19:33','2018-04-16 01:19:33',NULL),(765,'TroyStateUniversity','tsufl.edu','2018-04-16 01:19:33','2018-04-16 01:19:33',NULL),(766,'TrumanStateUniversity','truman.edu','2018-04-16 01:19:33','2018-04-16 01:19:33',NULL),(767,'TucsonUniversity','tucsonu.edu','2018-04-16 01:19:33','2018-04-16 01:19:33',NULL),(768,'TuftsUniversity','tufts.edu','2018-04-16 01:19:33','2018-04-16 01:19:33',NULL),(769,'TulaneUniversity','tulane.edu','2018-04-16 01:19:33','2018-04-16 01:19:33',NULL),(770,'TuskegeeUniversity','tusk.edu','2018-04-16 01:19:33','2018-04-16 01:19:33',NULL),(771,'UnionCollege','union.edu','2018-04-16 01:19:33','2018-04-16 01:19:33',NULL),(772,'TheUnionInstitute','tui.edu','2018-04-16 01:19:33','2018-04-16 01:19:33',NULL),(773,'UnionUniversity','uu.edu','2018-04-16 01:19:33','2018-04-16 01:19:33',NULL),(774,'UnitedStatesAirForceAcademy','usafa.af.mil','2018-04-16 01:19:33','2018-04-16 01:19:33',NULL),(775,'UnitedStatesInternationalUniversity','usiu.edu','2018-04-16 01:19:33','2018-04-16 01:19:33',NULL),(776,'UnitedStatesMerchantMarineAcademy','usmma.edu','2018-04-16 01:19:33','2018-04-16 01:19:33',NULL),(777,'UnitedStatesMilitaryAcademy','usma.edu','2018-04-16 01:19:33','2018-04-16 01:19:33',NULL),(778,'UnitedStatesNavalAcademy','nadn.navy.mil','2018-04-16 01:19:33','2018-04-16 01:19:33',NULL),(779,'TheUniformedServicesUniversityoftheHealthSciences','usuhs.mil','2018-04-16 01:19:33','2018-04-16 01:19:33',NULL),(780,'UrsinusCollege','ursinus.edu','2018-04-16 01:19:33','2018-04-16 01:19:33',NULL),(781,'UniversityofAkron','uakron.edu','2018-04-16 01:19:33','2018-04-16 01:19:33',NULL),(782,'UniversityofAlabamaatBirmingham','uab.edu','2018-04-16 01:19:33','2018-04-16 01:19:33',NULL),(783,'UniversityofAlabamaatHuntsville','uah.edu','2018-04-16 01:19:33','2018-04-16 01:19:33',NULL),(784,'UniversityofAlabamaatTuscaloosa','ua.edu','2018-04-16 01:19:33','2018-04-16 01:19:33',NULL),(785,'UniversityofAlaska','alaska.edu','2018-04-16 01:19:33','2018-04-16 01:19:33',NULL),(786,'UniversityofAlaska-Anchorage','uaa.alaska.edu','2018-04-16 01:19:33','2018-04-16 01:19:33',NULL),(787,'UniversityofAlaska-Fairbanks','alaska.edu','2018-04-16 01:19:33','2018-04-16 01:19:33',NULL),(788,'UniversityofAlaska-Southeast','alaska.edu','2018-04-16 01:19:33','2018-04-16 01:19:33',NULL),(789,'UniversityofArizona','arizona.edu','2018-04-16 01:19:33','2018-04-16 01:19:33',NULL),(790,'UniversityofArkansas-Fayetteville','uark.edu','2018-04-16 01:19:33','2018-04-16 01:19:33',NULL),(791,'UniversityofArkansas-LittleRock','ualr.edu','2018-04-16 01:19:33','2018-04-16 01:19:33',NULL),(792,'UniversityofArkansasforMedicalSciences','uams.edu','2018-04-16 01:19:33','2018-04-16 01:19:33',NULL),(793,'UniversityofArkansas-Monticello','uamont.edu','2018-04-16 01:19:33','2018-04-16 01:19:33',NULL),(794,'UniversityofBaltimore','ubalt.edu','2018-04-16 01:19:33','2018-04-16 01:19:33',NULL),(795,'UniversityofBridgeport','bridgeport.edu','2018-04-16 01:19:33','2018-04-16 01:19:33',NULL),(796,'UniversityofCalifornia,Berkeley','berkeley.edu','2018-04-16 01:19:33','2018-04-16 01:19:33',NULL),(797,'UniversityofCalifornia,Davis','ucdavis.edu','2018-04-16 01:19:33','2018-04-16 01:19:33',NULL),(798,'UniversityofCalifornia,Irvine','uci.edu','2018-04-16 01:19:33','2018-04-16 01:19:33',NULL),(799,'UniversityofCalifornia,LosAngeles','ucla.edu','2018-04-16 01:19:33','2018-04-16 01:19:33',NULL),(800,'UniversityofCalifornia,Riverside','ucr.edu','2018-04-16 01:19:33','2018-04-16 01:19:33',NULL),(801,'UniversityofCalifornia,SanDiego','ucsd.edu','2018-04-16 01:19:33','2018-04-16 01:19:33',NULL),(802,'UniversityofCalifornia,SanFrancisco','ucsf.edu','2018-04-16 01:19:33','2018-04-16 01:19:33',NULL),(803,'UniversityofCalifornia,SantaBarbara','ucsb.edu','2018-04-16 01:19:33','2018-04-16 01:19:33',NULL),(804,'UniversityofCalifornia,SantaCruz','ucsc.edu','2018-04-16 01:19:33','2018-04-16 01:19:33',NULL),(805,'UniversityofCentralArkansas','uca.edu','2018-04-16 01:19:33','2018-04-16 01:19:33',NULL),(806,'UniversityofCentralFlorida','ucf.edu','2018-04-16 01:19:33','2018-04-16 01:19:33',NULL),(807,'UniversityofCharleston','uchaswv.edu','2018-04-16 01:19:33','2018-04-16 01:19:33',NULL),(808,'UniversityofChicago','uchicago.edu','2018-04-16 01:19:33','2018-04-16 01:19:33',NULL),(809,'UniversityofCincinnati','uc.edu','2018-04-16 01:19:33','2018-04-16 01:19:33',NULL),(810,'UniversityofColoradoatBoulder','colorado.edu','2018-04-16 01:19:33','2018-04-16 01:19:33',NULL),(811,'UniversityofColoradoatColoradoSprings','uccs.edu','2018-04-16 01:19:33','2018-04-16 01:19:33',NULL),(812,'UniversityofColoradoatDenver','cudenver.edu','2018-04-16 01:19:33','2018-04-16 01:19:33',NULL),(813,'UniversityofColoradoHealthSciencesCenter','hsc.colorado.edu','2018-04-16 01:19:33','2018-04-16 01:19:33',NULL),(814,'UniversityofConnecticut','uconn.edu','2018-04-16 01:19:33','2018-04-16 01:19:33',NULL),(815,'UniversityofDallas','udallas.edu','2018-04-16 01:19:33','2018-04-16 01:19:33',NULL),(816,'UniversityofDayton','udayton.edu','2018-04-16 01:19:33','2018-04-16 01:19:33',NULL),(817,'UniversityofDelaware','udel.edu','2018-04-16 01:19:33','2018-04-16 01:19:33',NULL),(818,'UniversityofDenver','du.edu','2018-04-16 01:19:33','2018-04-16 01:19:33',NULL),(819,'UniversityoftheDistrictofColumbia','udc.edu','2018-04-16 01:19:33','2018-04-16 01:19:33',NULL),(820,'UniversityofDetroitMercy','udmercy.edu','2018-04-16 01:19:33','2018-04-16 01:19:33',NULL),(821,'UniversityofDubuque','dbq.edu','2018-04-16 01:19:33','2018-04-16 01:19:33',NULL),(822,'UniversityofEvansville','evansville.edu','2018-04-16 01:19:33','2018-04-16 01:19:33',NULL),(823,'UniversityofFlorida','ufl.edu','2018-04-16 01:19:33','2018-04-16 01:19:33',NULL),(824,'UniversityofGeorgia','uga.edu','2018-04-16 01:19:33','2018-04-16 01:19:33',NULL),(825,'UniversityofGreatFalls','ugf.edu','2018-04-16 01:19:33','2018-04-16 01:19:33',NULL),(826,'UniversityofGuam','uog.edu','2018-04-16 01:19:33','2018-04-16 01:19:33',NULL),(827,'UniversityofHartford','hartford.edu','2018-04-16 01:19:33','2018-04-16 01:19:33',NULL),(828,'UniversityofHawaiiatHiloPhysicsandAstronomy','uhh.hawaii.edu','2018-04-16 01:19:33','2018-04-16 01:19:33',NULL),(829,'UniversityofHawaiiatManoa','hawaii.edu','2018-04-16 01:19:33','2018-04-16 01:19:33',NULL),(830,'UniversityofHouston','uh.edu','2018-04-16 01:19:33','2018-04-16 01:19:33',NULL),(831,'UniversityofIdaho','uidaho.edu','2018-04-16 01:19:33','2018-04-16 01:19:33',NULL),(832,'UniversityofIllinoisatChicago','uic.edu','2018-04-16 01:19:33','2018-04-16 01:19:33',NULL),(833,'UniversityofIllinoisatSpringfield','sangamon.edu','2018-04-16 01:19:33','2018-04-16 01:19:33',NULL),(834,'UniversityofIlinoisatUrbana-Champaign','uiuc.edu','2018-04-16 01:19:33','2018-04-16 01:19:33',NULL),(835,'UniversityofIndianapolis','uindy.edu','2018-04-16 01:19:33','2018-04-16 01:19:33',NULL),(836,'UniversityofIowa','uiowa.edu','2018-04-16 01:19:33','2018-04-16 01:19:33',NULL),(837,'UniversityofKansas','ukans.edu','2018-04-16 01:19:33','2018-04-16 01:19:33',NULL),(838,'UniversityofKansasSchoolofMedicine','kumc.edu','2018-04-16 01:19:33','2018-04-16 01:19:33',NULL),(839,'UniversityofKentucky','uky.edu','2018-04-16 01:19:33','2018-04-16 01:19:33',NULL),(840,'UniversityofLaVerne','ulaverne.edu','2018-04-16 01:19:33','2018-04-16 01:19:33',NULL),(841,'UniversityofLouisville','louisville.edu','2018-04-16 01:19:33','2018-04-16 01:19:33',NULL),(842,'UniversityofMaineSystem','maine.edu','2018-04-16 01:19:33','2018-04-16 01:19:33',NULL),(843,'UniversityofMaine','ume.maine.edu','2018-04-16 01:19:33','2018-04-16 01:19:33',NULL),(844,'UniversityofMaineatFarmington','umf.maine.edu','2018-04-16 01:19:33','2018-04-16 01:19:33',NULL),(845,'UniversityofMaineatFortKent','umfk.maine.edu','2018-04-16 01:19:33','2018-04-16 01:19:33',NULL),(846,'UniversityofMaineatMachias','umm.maine.edu','2018-04-16 01:19:33','2018-04-16 01:19:33',NULL),(847,'UniversityofMaineatPresqueIsland','umpi.maine.edu','2018-04-16 01:19:33','2018-04-16 01:19:33',NULL),(848,'UniversityofMarylandatBaltimore','ab.umd.edu','2018-04-16 01:19:33','2018-04-16 01:19:33',NULL),(849,'UniversityofMarylandatBaltimoreCounty','umbc.edu','2018-04-16 01:19:33','2018-04-16 01:19:33',NULL),(850,'UniversityofMarylandatCollegePark','umcp.umd.edu','2018-04-16 01:19:33','2018-04-16 01:19:33',NULL),(851,'UniversityofMaryland-UniversityCollege','umuc.edu','2018-04-16 01:19:33','2018-04-16 01:19:33',NULL),(852,'UniversityofMassachusettsSystem','umassp.edu','2018-04-16 01:19:33','2018-04-16 01:19:33',NULL),(853,'UniversityofMassachusettsatAmherst','umass.edu','2018-04-16 01:19:33','2018-04-16 01:19:33',NULL),(854,'UniversityofMassachusettsatDartmouth','umassd.edu','2018-04-16 01:19:33','2018-04-16 01:19:33',NULL),(855,'UniversityofMassachusettsatLowell','uml.edu','2018-04-16 01:19:33','2018-04-16 01:19:33',NULL),(856,'UniversityofMemphis','memphis.edu','2018-04-16 01:19:33','2018-04-16 01:19:33',NULL),(857,'UniversityofMiami','miami.edu','2018-04-16 01:19:33','2018-04-16 01:19:33',NULL),(858,'UniversityofMichigan-AnnArbor','umich.edu','2018-04-16 01:19:33','2018-04-16 01:19:33',NULL),(859,'UniversityofMichigan-Dearborn','umd.umich.edu','2018-04-16 01:19:33','2018-04-16 01:19:33',NULL),(860,'UniversityofMinnesota','umn.edu','2018-04-16 01:19:33','2018-04-16 01:19:33',NULL),(861,'UniversityofMinnesota-Crookston','crk.umn.edu','2018-04-16 01:19:33','2018-04-16 01:19:33',NULL),(862,'UniversityofMinnesota-Duluth','d.umn.edu','2018-04-16 01:19:33','2018-04-16 01:19:33',NULL),(863,'UniversityofMinnesota-Morris','mrs.umn.edu','2018-04-16 01:19:33','2018-04-16 01:19:33',NULL),(864,'UniversityofMinnesota-TwinCities','umn.edu','2018-04-16 01:19:33','2018-04-16 01:19:33',NULL),(865,'UniversityofMississippi','olemiss.edu','2018-04-16 01:19:33','2018-04-16 01:19:33',NULL),(866,'UniversityofMississippiMedicalCenter','umsmed.edu','2018-04-16 01:19:33','2018-04-16 01:19:33',NULL),(867,'UniversityofMissouriSystem','missouri.edu','2018-04-16 01:19:33','2018-04-16 01:19:33',NULL),(868,'UniversityofMissouri-Columbia','missouri.edu','2018-04-16 01:19:33','2018-04-16 01:19:33',NULL),(869,'UniversityofMissouri-KansasCity','umkc.edu','2018-04-16 01:19:33','2018-04-16 01:19:33',NULL),(870,'UniversityofMissouri-Rolla','umr.edu','2018-04-16 01:19:33','2018-04-16 01:19:33',NULL),(871,'UniversityofMissouri-SaintLouis','umsl.edu','2018-04-16 01:19:33','2018-04-16 01:19:33',NULL),(872,'UniversityofMontana','umt.edu','2018-04-16 01:19:33','2018-04-16 01:19:33',NULL),(873,'UniversityofNebraska,Kearney','unk.edu','2018-04-16 01:19:33','2018-04-16 01:19:33',NULL),(874,'UniversityofNebraska,Lincoln','unl.edu','2018-04-16 01:19:33','2018-04-16 01:19:33',NULL),(875,'UniversityofNebraska,Omaha','unomaha.edu','2018-04-16 01:19:33','2018-04-16 01:19:33',NULL),(876,'UniversityofNevada,LasVegas','unlv.edu','2018-04-16 01:19:33','2018-04-16 01:19:33',NULL),(877,'UniversityofNevada,Reno','unr.edu','2018-04-16 01:19:33','2018-04-16 01:19:33',NULL),(878,'UniversityofNewEngland','une.edu','2018-04-16 01:19:33','2018-04-16 01:19:33',NULL),(879,'UniversityofNewHampshire,Durham','unh.edu','2018-04-16 01:19:33','2018-04-16 01:19:33',NULL),(880,'UniversityofNewHaven','newhaven.edu','2018-04-16 01:19:33','2018-04-16 01:19:33',NULL),(881,'UniversityofNewMexico','unm.edu','2018-04-16 01:19:33','2018-04-16 01:19:33',NULL),(882,'UniversityofNewOrleans','uno.edu','2018-04-16 01:19:33','2018-04-16 01:19:33',NULL),(883,'UniversityofNorthCarolinaatAsheville','unca.edu','2018-04-16 01:19:33','2018-04-16 01:19:33',NULL),(884,'UniversityofNorthCarolinaatChapelHill','unc.edu','2018-04-16 01:19:33','2018-04-16 01:19:33',NULL),(885,'UniversityofNorthCarolinaatCharlotte','uncc.edu','2018-04-16 01:19:33','2018-04-16 01:19:33',NULL),(886,'UniversityofNorthCarolinaatGreensboro','uncg.edu','2018-04-16 01:19:33','2018-04-16 01:19:33',NULL),(887,'UniversityofNorthCarolinaSystem','unc.edu','2018-04-16 01:19:33','2018-04-16 01:19:33',NULL),(888,'UniversityofNorthCarolinaatWilmington','uncwil.edu','2018-04-16 01:19:33','2018-04-16 01:19:33',NULL),(889,'UniversityofNorthDakota','und.nodak.edu','2018-04-16 01:19:33','2018-04-16 01:19:33',NULL),(890,'UniversityofNorthFlorida','unf.edu','2018-04-16 01:19:33','2018-04-16 01:19:33',NULL),(891,'UniversityofNorthTexas','unt.edu','2018-04-16 01:19:33','2018-04-16 01:19:33',NULL),(892,'UniversityofNorthTexasHealthScienceCenter','hsc.unt.edu','2018-04-16 01:19:33','2018-04-16 01:19:33',NULL),(893,'UniversityofNorthernColorado','univnorthco.edu','2018-04-16 01:19:33','2018-04-16 01:19:33',NULL),(894,'UniversityofNorthernIowa','uni.edu','2018-04-16 01:19:33','2018-04-16 01:19:33',NULL),(895,'UniversityofNotreDame','nd.edu','2018-04-16 01:19:33','2018-04-16 01:19:33',NULL),(896,'UniversityofOklahoma','uoknor.edu','2018-04-16 01:19:33','2018-04-16 01:19:33',NULL),(897,'UniversityofOregon','uoregon.edu','2018-04-16 01:19:33','2018-04-16 01:19:33',NULL),(898,'UniversityoftheOzarks','ozarks.edu','2018-04-16 01:19:33','2018-04-16 01:19:33',NULL),(899,'UniversityofthePacific','uop.edu','2018-04-16 01:19:33','2018-04-16 01:19:33',NULL),(900,'UniversityofPennsylvania','upenn.edu','2018-04-16 01:19:33','2018-04-16 01:19:33',NULL),(901,'UniversityofPhoenix','uophx.edu','2018-04-16 01:19:33','2018-04-16 01:19:33',NULL),(902,'UniversityofPittsburgh','pitt.edu','2018-04-16 01:19:33','2018-04-16 01:19:33',NULL),(903,'UniversityofPittsburghatJohnstown','pitt.edu','2018-04-16 01:19:33','2018-04-16 01:19:33',NULL),(904,'UniversityofPortland','uofport.edu','2018-04-16 01:19:33','2018-04-16 01:19:33',NULL),(905,'UniversityofPuertoRico','upr.clu.edu','2018-04-16 01:19:33','2018-04-16 01:19:33',NULL),(906,'UniversityofPugetSound','ups.edu','2018-04-16 01:19:33','2018-04-16 01:19:33',NULL),(907,'UniversityofRedlands','uor.edu','2018-04-16 01:19:33','2018-04-16 01:19:33',NULL),(908,'UniversityofRhodeIsland','uri.edu','2018-04-16 01:19:33','2018-04-16 01:19:33',NULL),(909,'UniversityofRichmond','urich.edu','2018-04-16 01:19:33','2018-04-16 01:19:33',NULL),(910,'UniversityofRochester','rochester.edu','2018-04-16 01:19:33','2018-04-16 01:19:33',NULL),(911,'UniversityofSanDiego','acusd.edu','2018-04-16 01:19:33','2018-04-16 01:19:33',NULL),(912,'UniversityofSanFrancisco','usfca.edu','2018-04-16 01:19:33','2018-04-16 01:19:33',NULL),(913,'UniversityofSarasota','sarasota.fl.us','2018-04-16 01:19:33','2018-04-16 01:19:33',NULL),(914,'UniversityofScience&ArtsofOklahoma','usao.edu','2018-04-16 01:19:33','2018-04-16 01:19:33',NULL),(915,'UniversityofScranton','uofs.edu','2018-04-16 01:19:33','2018-04-16 01:19:33',NULL),(916,'UniversityofSiouxFalls','thecoo.edu','2018-04-16 01:19:33','2018-04-16 01:19:33',NULL),(917,'UniversityofSouthernCalifornia','usc.edu','2018-04-16 01:19:33','2018-04-16 01:19:33',NULL),(918,'UniversityofSouthCarolina','scarolina.edu','2018-04-16 01:19:33','2018-04-16 01:19:33',NULL),(919,'UniversityofSouthCarolina-Aiken','sc.edu','2018-04-16 01:19:33','2018-04-16 01:19:33',NULL),(920,'UniversityofSouthDakota','usd.edu','2018-04-16 01:19:33','2018-04-16 01:19:33',NULL),(921,'UniversityofSouthFlorida','usf.edu','2018-04-16 01:19:33','2018-04-16 01:19:33',NULL),(922,'UniversityofSouthernMaine','usm.maine.edu','2018-04-16 01:19:33','2018-04-16 01:19:33',NULL),(923,'UniversityofSouthernMississippi','usm.edu','2018-04-16 01:19:33','2018-04-16 01:19:33',NULL),(924,'UniversityofSouthwesternLouisiana','usl.edu','2018-04-16 01:19:33','2018-04-16 01:19:33',NULL),(925,'UniversityofSaintThomas','stthom.edu','2018-04-16 01:19:33','2018-04-16 01:19:33',NULL),(926,'UniversityofSaintThomas(MN)','stthomas.edu','2018-04-16 01:19:33','2018-04-16 01:19:33',NULL),(927,'UniversityofSouthAlabama','usouthal.edu','2018-04-16 01:19:33','2018-04-16 01:19:33',NULL),(928,'UniversityofSouthernColorado','uscolo.edu','2018-04-16 01:19:33','2018-04-16 01:19:33',NULL),(929,'UniversityofSouthernIndiana','usi.edu','2018-04-16 01:19:33','2018-04-16 01:19:33',NULL),(930,'UniversityofTampa','utampa.edu','2018-04-16 01:19:33','2018-04-16 01:19:33',NULL),(931,'UniversityofTennessee,Knoxville','utk.edu','2018-04-16 01:19:33','2018-04-16 01:19:33',NULL),(932,'UniversityofTennessee,Martin','utm.edu','2018-04-16 01:19:33','2018-04-16 01:19:33',NULL),(933,'UniversityofTexasSystem','utsystem.edu','2018-04-16 01:19:33','2018-04-16 01:19:33',NULL),(934,'UniversityofTexasatArlington','uta.edu','2018-04-16 01:19:33','2018-04-16 01:19:33',NULL),(935,'UniversityofTexasatAustin','utexas.edu','2018-04-16 01:19:33','2018-04-16 01:19:33',NULL),(936,'UniversityofTexasatBrownsville','utb.edu','2018-04-16 01:19:33','2018-04-16 01:19:33',NULL),(937,'UniversityofTexasatDallas','utdallas.edu','2018-04-16 01:19:33','2018-04-16 01:19:33',NULL),(938,'UniversityofTexasatElPaso','utep.edu','2018-04-16 01:19:33','2018-04-16 01:19:33',NULL),(939,'UniversityofTexas-PanAmerican','panam.edu','2018-04-16 01:19:33','2018-04-16 01:19:33',NULL),(940,'UniversityofTexasatSanAntonio','utsa.edu','2018-04-16 01:19:33','2018-04-16 01:19:33',NULL),(941,'UniversityofTexasHealthScienceCenteratHouston','uth.tmc.edu','2018-04-16 01:19:33','2018-04-16 01:19:33',NULL),(942,'UniversityofTexasHealthScienceCenteratSanAntonio','uthscsa.edu','2018-04-16 01:19:33','2018-04-16 01:19:33',NULL),(943,'UniversityofTexasHealthCenteratTyler','uthct.edu','2018-04-16 01:19:33','2018-04-16 01:19:33',NULL),(944,'UniversityofTexasM.D.AndersonCancerCenter','utmdacc.uth.tmc.edu','2018-04-16 01:19:33','2018-04-16 01:19:33',NULL),(945,'UniversityofTexasMedicalBranch','utmb.edu','2018-04-16 01:19:33','2018-04-16 01:19:33',NULL),(946,'UniversityofTexasSouthwesternMedicalCenteratDallas','swmed.edu','2018-04-16 01:19:33','2018-04-16 01:19:33',NULL),(947,'UniversityofToledo','utoledo.edu','2018-04-16 01:19:33','2018-04-16 01:19:33',NULL),(948,'UniversityofTulsa','utulsa.edu','2018-04-16 01:19:33','2018-04-16 01:19:33',NULL),(949,'UniversityofUtah','utah.edu','2018-04-16 01:19:33','2018-04-16 01:19:33',NULL),(950,'UniversityofVermont','uvm.edu','2018-04-16 01:19:33','2018-04-16 01:19:33',NULL),(951,'UniversityoftheVirginIslands','uvi.edu','2018-04-16 01:19:33','2018-04-16 01:19:33',NULL),(952,'UniversityofVirginia,Charlottesville','virginia.edu','2018-04-16 01:19:33','2018-04-16 01:19:33',NULL),(953,'UniversityofWashington','washington.edu','2018-04-16 01:19:33','2018-04-16 01:19:33',NULL),(954,'UniversityofWestAlabama','westal.edu','2018-04-16 01:19:33','2018-04-16 01:19:33',NULL),(955,'UniversityofWestFlorida','uwf.edu','2018-04-16 01:19:33','2018-04-16 01:19:33',NULL),(956,'UniversityofWisconsinSystem','uwsa.edu','2018-04-16 01:19:33','2018-04-16 01:19:33',NULL),(957,'UniversityofWisconsin-EauClaire','uwec.edu','2018-04-16 01:19:33','2018-04-16 01:19:33',NULL),(958,'UniversityofWisconsin-GreenBay','uwgb.edu','2018-04-16 01:19:33','2018-04-16 01:19:33',NULL),(959,'UniversityofWisconsin-LaCrosse','uwlax.edu','2018-04-16 01:19:33','2018-04-16 01:19:33',NULL),(960,'UniversityofWisconsin-Madison','wisc.edu','2018-04-16 01:19:33','2018-04-16 01:19:33',NULL),(961,'UniversityofWisconsin-Milwaukee','uwm.edu','2018-04-16 01:19:33','2018-04-16 01:19:33',NULL),(962,'UniversityofWisconsin-Oshkosh','uwosh.edu','2018-04-16 01:19:33','2018-04-16 01:19:33',NULL),(963,'UniversityofWisconsin-Parkside','uwp.edu','2018-04-16 01:19:33','2018-04-16 01:19:33',NULL),(964,'UniversityofWisconsin-Platteville','uwplatt.edu','2018-04-16 01:19:33','2018-04-16 01:19:33',NULL),(965,'UniversityofWisconsin-RiverFalls','uwrf.edu','2018-04-16 01:19:33','2018-04-16 01:19:33',NULL),(966,'UniversityofWisconsin-StevensPoint','uwsp.edu','2018-04-16 01:19:33','2018-04-16 01:19:33',NULL),(967,'UniversityofWisconsin-Stout','uwstout.edu','2018-04-16 01:19:33','2018-04-16 01:19:33',NULL),(968,'UniversityofWisconsin-Superior','uwsuper.edu','2018-04-16 01:19:33','2018-04-16 01:19:33',NULL),(969,'UniversityofWisconsin-Whitewater','uww.edu','2018-04-16 01:19:33','2018-04-16 01:19:33',NULL),(970,'UniversityofWyoming','uwyo.edu','2018-04-16 01:19:33','2018-04-16 01:19:33',NULL),(971,'UpperIowaUniversity','uiu.edu','2018-04-16 01:19:33','2018-04-16 01:19:33',NULL),(972,'UtahStateUniversity','usu.edu','2018-04-16 01:19:33','2018-04-16 01:19:33',NULL),(973,'UtahValleyStateCollege','uvsc.edu','2018-04-16 01:19:33','2018-04-16 01:19:33',NULL),(974,'ValleyCityStateUniversity','vcsu.nodak.edu','2018-04-16 01:19:33','2018-04-16 01:19:33',NULL),(975,'ValdostaStateUniversity','valdosta.peachnet.edu','2018-04-16 01:19:33','2018-04-16 01:19:33',NULL),(976,'ValparaisoUniversity','valpo.edu','2018-04-16 01:19:33','2018-04-16 01:19:33',NULL),(977,'VanderbiltUniversity','vanderbilt.edu','2018-04-16 01:19:33','2018-04-16 01:19:33',NULL),(978,'VassarCollege','vassar.edu','2018-04-16 01:19:33','2018-04-16 01:19:33',NULL),(979,'VermontTechnicalCollege','vtc.vsc.edu','2018-04-16 01:19:33','2018-04-16 01:19:33',NULL),(980,'VillaJulieCollege','vjc.edu','2018-04-16 01:19:33','2018-04-16 01:19:33',NULL),(981,'VillanovaUniversity','vill.edu','2018-04-16 01:19:33','2018-04-16 01:19:33',NULL),(982,'VirginiaCommonwealthUniversity','vcu.edu','2018-04-16 01:19:33','2018-04-16 01:19:33',NULL),(983,'VirginiaIntermontCollege','vic.edu','2018-04-16 01:19:33','2018-04-16 01:19:33',NULL),(984,'VirginiaMilitaryInstitute','vmi.edu','2018-04-16 01:19:33','2018-04-16 01:19:33',NULL),(985,'VirginiaPolytechnicInstituteandStateUniversity','vt.edu','2018-04-16 01:19:33','2018-04-16 01:19:33',NULL),(986,'VirginiaStateUniversity','vsu.edu','2018-04-16 01:19:33','2018-04-16 01:19:33',NULL),(987,'VirginiaWesleyanCollege','vwc.edu','2018-04-16 01:19:33','2018-04-16 01:19:33',NULL),(988,'WabashCollege','wabash.edu','2018-04-16 01:19:33','2018-04-16 01:19:33',NULL),(989,'WakeForestUniversity','wfu.edu','2018-04-16 01:19:33','2018-04-16 01:19:33',NULL),(990,'WaldenUniversity','waldenu.edu','2018-04-16 01:19:33','2018-04-16 01:19:33',NULL),(991,'WallaWallaCollege','wwc.edu','2018-04-16 01:19:33','2018-04-16 01:19:33',NULL),(992,'WarrenWilsonCollege','warren-wilson.edu','2018-04-16 01:19:33','2018-04-16 01:19:33',NULL),(993,'WartburgCollege','wartburg.edu','2018-04-16 01:19:33','2018-04-16 01:19:33',NULL),(994,'WashburnUniversity','wuacc.edu','2018-04-16 01:19:33','2018-04-16 01:19:33',NULL),(995,'WashingtonBibleCollege/CapitalBibleSeminary','bible.edu','2018-04-16 01:19:33','2018-04-16 01:19:33',NULL),(996,'Washington&LeeUniversity','wlu.edu','2018-04-16 01:19:33','2018-04-16 01:19:33',NULL),(997,'WashingtonCollege','washcoll.edu','2018-04-16 01:19:33','2018-04-16 01:19:33',NULL),(998,'WashingtonStateUniversity','wsu.edu','2018-04-16 01:19:33','2018-04-16 01:19:33',NULL),(999,'WashingtonStateUniversityatTri-Cities','wsu.edu','2018-04-16 01:19:33','2018-04-16 01:19:33',NULL),(1000,'WashingtonStateUniversityatVancouver','vancouver.wsu.edu','2018-04-16 01:19:33','2018-04-16 01:19:33',NULL),(1001,'WashingtonUniversity,SaintLouis','wustl.edu','2018-04-16 01:19:33','2018-04-16 01:19:33',NULL),(1002,'WayneStateUniversity','wayne.edu','2018-04-16 01:19:33','2018-04-16 01:19:33',NULL),(1003,'WaynesburgCollege','waynesburg.edu','2018-04-16 01:19:33','2018-04-16 01:19:33',NULL),(1004,'WeberStateUniversity','weber.edu','2018-04-16 01:19:33','2018-04-16 01:19:33',NULL),(1005,'WebsterUniversity','websteruniv.edu','2018-04-16 01:19:33','2018-04-16 01:19:33',NULL),(1006,'WellesleyCollege','wellesley.edu','2018-04-16 01:19:33','2018-04-16 01:19:33',NULL),(1007,'WellsCollege','wells.edu','2018-04-16 01:19:33','2018-04-16 01:19:33',NULL),(1008,'WentworthInstituteofTechnology','wit.edu','2018-04-16 01:19:33','2018-04-16 01:19:33',NULL),(1009,'WesleyCollege','wesley.edu','2018-04-16 01:19:33','2018-04-16 01:19:33',NULL),(1010,'WesleyanUniversity','wesleyan.edu','2018-04-16 01:19:33','2018-04-16 01:19:33',NULL),(1011,'WestChesterUniversityofPennsylvania','wcupa.edu','2018-04-16 01:19:33','2018-04-16 01:19:33',NULL),(1012,'WestCoastUniversity','wcula.edu','2018-04-16 01:19:33','2018-04-16 01:19:33',NULL),(1013,'WestGeorgiaCollege','westga.edu','2018-04-16 01:19:33','2018-04-16 01:19:33',NULL),(1014,'WestLibertyStateCollege','wlsc.wvnet.edu','2018-04-16 01:19:33','2018-04-16 01:19:33',NULL),(1015,'WestTexasA&MUniversity','wtamu.edu','2018-04-16 01:19:33','2018-04-16 01:19:33',NULL),(1016,'WestVirginiaUniversity','wvu.edu','2018-04-16 01:19:33','2018-04-16 01:19:33',NULL),(1017,'WestVirginiaUniversityatParkersburg','wvup.wvnet.edu','2018-04-16 01:19:33','2018-04-16 01:19:33',NULL),(1018,'WesternCarolinaUniversity','wcu.edu','2018-04-16 01:19:33','2018-04-16 01:19:33',NULL),(1019,'WesternConnecticutStateUniversity','wcsu.ctstateu.edu','2018-04-16 01:19:33','2018-04-16 01:19:33',NULL),(1020,'WesternIllinoisUniversity','wiu.edu','2018-04-16 01:19:33','2018-04-16 01:19:33',NULL),(1021,'WesternKentuckyUniversity','wku.edu','2018-04-16 01:19:33','2018-04-16 01:19:33',NULL),(1022,'WesternMarylandCollege','wmc.car.md.us','2018-04-16 01:19:33','2018-04-16 01:19:33',NULL),(1023,'WesternMichiganUniversity','wmich.edu','2018-04-16 01:19:33','2018-04-16 01:19:33',NULL),(1024,'WesternMontanaCollege','wmc.edu','2018-04-16 01:19:33','2018-04-16 01:19:33',NULL),(1025,'WesternNewEnglandCollege','wnec.edu','2018-04-16 01:19:33','2018-04-16 01:19:33',NULL),(1026,'WesternNewMexicoUniversity','wnmu.edu','2018-04-16 01:19:33','2018-04-16 01:19:33',NULL),(1027,'WesternStateCollege','wsc.colorado.edu','2018-04-16 01:19:33','2018-04-16 01:19:33',NULL),(1028,'WesternWashingtonUniversity','wwu.edu','2018-04-16 01:19:33','2018-04-16 01:19:33',NULL),(1029,'WestfieldStateCollege','wsc.mass.edu','2018-04-16 01:19:33','2018-04-16 01:19:33',NULL),(1030,'WestminsterCollege','westminster.edu','2018-04-16 01:19:33','2018-04-16 01:19:33',NULL),(1031,'WestminsterCollege','westminster-mo.edu','2018-04-16 01:19:33','2018-04-16 01:19:33',NULL),(1032,'WestminsterCollegeofSaltLakeCity','wcslc.edu','2018-04-16 01:19:33','2018-04-16 01:19:33',NULL),(1033,'WestminsterTheologicalSeminary','wts.edu','2018-04-16 01:19:33','2018-04-16 01:19:33',NULL),(1034,'WestmontCollege','westmont.edu','2018-04-16 01:19:33','2018-04-16 01:19:33',NULL),(1035,'WheatonCollege','wheaton.edu','2018-04-16 01:19:33','2018-04-16 01:19:33',NULL),(1036,'WheatonCollege,NortonMA','wheatonma.edu','2018-04-16 01:19:33','2018-04-16 01:19:33',NULL),(1037,'WheelingJesuitCollege','wjc.edu','2018-04-16 01:19:33','2018-04-16 01:19:33',NULL),(1038,'WhitmanCollege','whitman.edu','2018-04-16 01:19:33','2018-04-16 01:19:33',NULL),(1039,'WhittierCollege','whittier.edu','2018-04-16 01:19:33','2018-04-16 01:19:33',NULL),(1040,'WhitworthCollege','whitworth.edu','2018-04-16 01:19:33','2018-04-16 01:19:33',NULL),(1041,'WichitaStateUniversity','twsu.edu','2018-04-16 01:19:33','2018-04-16 01:19:33',NULL),(1042,'WidenerUniversity','widener.edu','2018-04-16 01:19:33','2018-04-16 01:19:33',NULL),(1043,'WilberforceUniversity','wilberforce.edu','2018-04-16 01:19:33','2018-04-16 01:19:33',NULL),(1044,'WilkesUniversity','wilkes.edu','2018-04-16 01:19:33','2018-04-16 01:19:33',NULL),(1045,'WillametteUniversity','willamette.edu','2018-04-16 01:19:33','2018-04-16 01:19:33',NULL),(1046,'WilliamHowardTaftUniversity','taftu.edu','2018-04-16 01:19:33','2018-04-16 01:19:33',NULL),(1047,'WilliamJewellCollege','jewell.edu','2018-04-16 01:19:33','2018-04-16 01:19:33',NULL),(1048,'WilliamMitchellCollegeofLaw','wmitchell.edu','2018-04-16 01:19:33','2018-04-16 01:19:33',NULL),(1049,'WilliamPennCollege','wmpenn.edu','2018-04-16 01:19:33','2018-04-16 01:19:33',NULL),(1050,'WilliamPatersonCollege','wilpaterson.edu','2018-04-16 01:19:33','2018-04-16 01:19:33',NULL),(1051,'WilliamWoodsUniversity','wmwoods.edu','2018-04-16 01:19:33','2018-04-16 01:19:33',NULL),(1052,'WilliamsCollege','williams.edu','2018-04-16 01:19:33','2018-04-16 01:19:33',NULL),(1053,'WilmingtonCollege','wilmington.edu','2018-04-16 01:19:33','2018-04-16 01:19:33',NULL),(1054,'WinonaStateUniversity','winona.msus.edu','2018-04-16 01:19:33','2018-04-16 01:19:33',NULL),(1055,'WinthropUniversity','winthrop.edu','2018-04-16 01:19:33','2018-04-16 01:19:33',NULL),(1056,'WittenbergUniversity','wittenberg.edu','2018-04-16 01:19:33','2018-04-16 01:19:33',NULL),(1057,'WoffordCollege','wofford.edu','2018-04-16 01:19:33','2018-04-16 01:19:33',NULL),(1058,'WoodburyUniversity','woodburyu.edu','2018-04-16 01:19:33','2018-04-16 01:19:33',NULL),(1059,'WorcesterPolytechnicInstitute','wpi.edu','2018-04-16 01:19:33','2018-04-16 01:19:33',NULL),(1060,'WrightStateUniversity','wright.edu','2018-04-16 01:19:33','2018-04-16 01:19:33',NULL),(1061,'XavierUniversityofLouisiana','xula.edu','2018-04-16 01:19:33','2018-04-16 01:19:33',NULL),(1062,'YaleUniversity','yale.edu','2018-04-16 01:19:33','2018-04-16 01:19:33',NULL),(1063,'YeshivaUniversity','yu.edu','2018-04-16 01:19:33','2018-04-16 01:19:33',NULL),(1064,'YorkCollegeofPennsylvania','ycp.edu','2018-04-16 01:19:33','2018-04-16 01:19:33',NULL),(1065,'YoungstownStateUniversity','ysu.edu','2018-04-16 01:19:33','2018-04-16 01:19:33',NULL),(1066,'','','2018-04-17 01:22:35','2018-04-17 01:22:35',NULL);
/*!40000 ALTER TABLE `schools` ENABLE KEYS */;
UNLOCK TABLES;

--
-- Table structure for table `sessions`
--

DROP TABLE IF EXISTS `sessions`;
/*!40101 SET @saved_cs_client     = @@character_set_client */;
/*!40101 SET character_set_client = utf8 */;
CREATE TABLE `sessions` (
  `id` int(11) unsigned NOT NULL AUTO_INCREMENT,
  `user_id` int(11) NOT NULL,
  `token` varchar(255) NOT NULL DEFAULT '',
  `expired_at` datetime NOT NULL,
  `created_at` datetime NOT NULL DEFAULT CURRENT_TIMESTAMP ON UPDATE CURRENT_TIMESTAMP,
  `updated_at` datetime NOT NULL DEFAULT CURRENT_TIMESTAMP ON UPDATE CURRENT_TIMESTAMP,
  `deleted_at` datetime DEFAULT NULL,
  PRIMARY KEY (`id`)
) ENGINE=InnoDB AUTO_INCREMENT=65 DEFAULT CHARSET=utf8;
/*!40101 SET character_set_client = @saved_cs_client */;

--
-- Dumping data for table `sessions`
--

LOCK TABLES `sessions` WRITE;
/*!40000 ALTER TABLE `sessions` DISABLE KEYS */;
INSERT INTO `sessions` VALUES (1,1,'4KyIiyXPduDCmFZpd-qK','2018-05-28 08:30:41','2018-04-28 08:30:41','2018-04-28 08:30:41',NULL),(2,1,'uSc-QEuX5SrgudzS9b7R','2018-05-20 13:28:47','2018-04-20 13:29:37','2018-04-20 13:29:37','2018-04-20 13:29:37'),(3,3,'F-3B1KrBDcH8GZeqd422','2018-05-26 06:22:38','2018-04-26 06:22:38','2018-04-26 06:22:38',NULL),(4,3,'HHV3X2cQ1xlaUSKrldjJ','2018-05-26 09:17:17','2018-04-26 09:17:17','2018-04-26 09:17:17',NULL),(5,3,'urvz7x9--0jpo17ZA1Dv','2018-05-26 09:20:05','2018-04-26 09:20:05','2018-04-26 09:20:05',NULL),(6,5,'LGvk4GQkK8nqYyyPmHtv','2018-05-29 09:13:54','2018-04-29 09:13:54','2018-04-29 09:13:54',NULL),(7,6,'1GH1NKx9sfE7pKF9MzHw','2018-05-30 00:06:47','2018-04-30 00:06:47','2018-04-30 00:06:47',NULL),(8,6,'4ElXQrS-LnLu9Lb45rXD','2018-05-29 05:19:02','2018-04-29 05:19:02','2018-04-29 05:19:02',NULL),(9,6,'eaLu774uGM5EZo5JMLBW','2018-05-29 05:54:59','2018-04-29 05:54:59','2018-04-29 05:54:59',NULL),(10,6,'dPGYaiEfo8zrOIpOKbU6','2018-05-29 05:56:28','2018-04-29 05:56:27','2018-04-29 05:56:27',NULL),(11,6,'cng2mlVsrlBhtbDWfsrx','2018-05-29 05:56:29','2018-04-29 05:56:29','2018-04-29 05:56:29',NULL),(12,6,'c2pYZW1VlLLrzhbmoLgX','2018-05-29 05:56:44','2018-04-29 05:56:44','2018-04-29 05:56:44',NULL),(13,6,'0Me2GYj8KQIppdCh6TP7','2018-05-29 05:57:22','2018-04-29 05:57:21','2018-04-29 05:57:21',NULL),(14,6,'UiRt987pZVUUA2rxwF9V','2018-05-29 06:00:30','2018-04-29 06:00:29','2018-04-29 06:00:29',NULL),(15,6,'pHTEA6JbEAvqgn24aYNh','2018-05-29 06:03:08','2018-04-29 06:03:08','2018-04-29 06:03:08',NULL),(16,6,'MkNd76g2kWQ2LVy4znkH','2018-05-29 06:05:27','2018-04-29 06:05:26','2018-04-29 06:05:26',NULL),(17,6,'T52J56GcvraAzWpapm6X','2018-05-29 06:09:54','2018-04-29 06:09:54','2018-04-29 06:09:54',NULL),(18,6,'mwEU0HjSQ21Gzlnfdw1J','2018-05-29 06:10:52','2018-04-29 06:10:51','2018-04-29 06:10:51',NULL),(19,6,'QULMIL2zVxBbJKtm6cJo','2018-05-29 06:21:09','2018-04-29 06:21:08','2018-04-29 06:21:08',NULL),(20,6,'YtZ7Q5eUHrHur0gplgkl','2018-05-29 06:23:45','2018-04-29 06:23:45','2018-04-29 06:23:45',NULL),(21,6,'55S8IzdhNKYOoAD5wnFM','2018-05-29 06:26:35','2018-04-29 06:26:34','2018-04-29 06:26:34',NULL),(22,6,'KUy18KODnukT602hfIF7','2018-05-29 06:31:54','2018-04-29 06:31:54','2018-04-29 06:31:54',NULL),(23,6,'vsvaujCd9SJwfqL1ugoO','2018-05-29 06:31:59','2018-04-29 06:31:59','2018-04-29 06:31:59',NULL),(24,6,'kFPaVTMDqxqUQ62uNX9S','2018-05-29 06:32:00','2018-04-29 06:32:00','2018-04-29 06:32:00',NULL),(25,6,'IsOiXWQYsMxyhOFmHECP','2018-05-29 06:32:01','2018-04-29 06:32:01','2018-04-29 06:32:01',NULL),(26,6,'Em-0SWLxioyCRASMABUB','2018-05-29 06:32:01','2018-04-29 06:32:01','2018-04-29 06:32:01',NULL),(27,6,'mZpoHSGl1GeiNYBGcEsP','2018-05-29 06:32:01','2018-04-29 06:32:01','2018-04-29 06:32:01',NULL),(28,6,'xqN8hgFUCm-5207bVbbM','2018-05-29 06:32:01','2018-04-29 06:32:01','2018-04-29 06:32:01',NULL),(29,6,'feMMYBQVfyyA5WIL2KX3','2018-05-29 06:32:02','2018-04-29 06:32:02','2018-04-29 06:32:02',NULL),(30,6,'YF-4pWuYN88HJyWboRsw','2018-05-29 06:32:02','2018-04-29 06:32:02','2018-04-29 06:32:02',NULL),(31,6,'GEHt5tLqSJtzwXwK9EYW','2018-05-29 06:32:02','2018-04-29 06:32:02','2018-04-29 06:32:02',NULL),(32,6,'uLEqB1K5C9fdmU0PRbEj','2018-05-29 06:32:36','2018-04-29 06:32:36','2018-04-29 06:32:36',NULL),(33,6,'NQrp5q9NpToht464i0Tr','2018-05-29 06:32:38','2018-04-29 06:32:38','2018-04-29 06:32:38',NULL),(34,6,'x3XMJ62B2WMK-BNf-CSA','2018-05-29 06:32:50','2018-04-29 06:32:50','2018-04-29 06:32:50',NULL),(35,6,'UEavhUKmf4nfGeVQ9YkR','2018-05-29 06:32:54','2018-04-29 06:32:54','2018-04-29 06:32:54',NULL),(36,6,'9UKUQp9MANxdj3n7Dd1M','2018-05-29 06:33:01','2018-04-29 06:33:01','2018-04-29 06:33:01',NULL),(37,6,'Z4j-zHB37Pp0ba-oXbvm','2018-05-29 06:33:04','2018-04-29 06:33:04','2018-04-29 06:33:04',NULL),(38,6,'5oZ5bmVr7-YcCfGFpCm8','2018-05-29 06:33:04','2018-04-29 06:33:04','2018-04-29 06:33:04',NULL),(39,6,'B2t5eDuveH7V2rfoj330','2018-05-29 06:33:05','2018-04-29 06:33:05','2018-04-29 06:33:05',NULL),(40,6,'NJR9j1eBJWbGIqR53B36','2018-05-29 06:33:05','2018-04-29 06:33:05','2018-04-29 06:33:05',NULL),(41,6,'iaLJflC9qAcf1IkcsXPi','2018-05-29 06:33:05','2018-04-29 06:33:05','2018-04-29 06:33:05',NULL),(42,6,'6uimgJDcmib4hc9tvnFU','2018-05-29 06:33:10','2018-04-29 06:33:10','2018-04-29 06:33:10',NULL),(43,6,'vLmKIzEsbL5DzALu2hos','2018-05-29 06:33:15','2018-04-29 06:33:15','2018-04-29 06:33:15',NULL),(44,6,'1BDZq-z6xouIcY6VUI7T','2018-05-29 06:34:12','2018-04-29 06:34:12','2018-04-29 06:34:12',NULL),(45,6,'-aJJKLrK2QFLUGw1IJl7','2018-05-29 06:34:15','2018-04-29 06:34:15','2018-04-29 06:34:15',NULL),(46,6,'hLc4Te50xSPo9OEAnLfK','2018-05-29 06:34:16','2018-04-29 06:34:16','2018-04-29 06:34:16',NULL),(47,6,'uV0tJAH2MHmfwV6Q1eOb','2018-05-29 06:34:17','2018-04-29 06:34:17','2018-04-29 06:34:17',NULL),(48,6,'lN2ZqXcBx9Bj0w7Cw1J3','2018-05-29 06:34:17','2018-04-29 06:34:17','2018-04-29 06:34:17',NULL),(49,6,'QtKRzMSuU79VHMTQ8fS5','2018-05-29 06:34:17','2018-04-29 06:34:17','2018-04-29 06:34:17',NULL),(50,6,'AKd9XoGm6XsgL9J1Ik2U','2018-05-29 06:34:17','2018-04-29 06:34:17','2018-04-29 06:34:17',NULL),(51,6,'Oa0ZNJruiXBHur9mnm2Q','2018-05-29 07:10:54','2018-04-29 07:10:53','2018-04-29 07:10:53',NULL),(52,5,'pyIp56cDold2LfPB3Fd9','2018-05-29 08:13:00','2018-04-29 08:13:00','2018-04-29 08:13:00',NULL),(53,6,'202lLVWit7mAx1kgZa1E','2018-05-29 09:33:07','2018-04-29 09:33:06','2018-04-29 09:33:06',NULL),(54,6,'6ePK1ujTaizg1ekWcqHZ','2018-05-29 11:55:39','2018-04-29 11:55:38','2018-04-29 11:55:38',NULL),(55,5,'lviO0Y7K52OPhA37zayR','2018-05-29 12:42:34','2018-04-29 12:42:33','2018-04-29 12:42:33',NULL),(56,5,'WGX1wIZzKFZh2V3dNZhf','2018-05-29 12:44:29','2018-04-29 12:44:29','2018-04-29 12:44:29',NULL),(57,5,'q5Z29SVVPNuofHQBEmv7','2018-05-29 12:44:44','2018-04-29 12:44:44','2018-04-29 12:44:44',NULL),(58,5,'RQvfYz5vp5fKftaP6qyy','2018-05-29 13:03:40','2018-04-29 13:03:39','2018-04-29 13:03:39',NULL),(59,6,'p7wTKaYtcljMHAQBIHmU','2018-05-29 13:06:37','2018-04-29 13:06:37','2018-04-29 13:06:37',NULL),(60,6,'flo3jCfvLLl87JGQO4IM','2018-05-29 13:13:00','2018-04-29 13:13:00','2018-04-29 13:13:00',NULL),(61,6,'x0o3-hUW0zRujoMmobmq','2018-05-30 00:00:57','2018-04-30 00:00:56','2018-04-30 00:00:56',NULL),(62,5,'17YD2TF93qXzRCJq1Hq4','2018-05-30 00:03:11','2018-04-30 00:03:10','2018-04-30 00:03:10',NULL),(63,5,'yimAiJeLQT9OD14r12un','2018-05-30 00:05:47','2018-04-30 00:05:47','2018-04-30 00:05:47',NULL),(64,5,'I9Yy439vT3tYqmpLQDUY','2018-05-30 00:06:42','2018-04-30 00:06:41','2018-04-30 00:06:41',NULL);
/*!40000 ALTER TABLE `sessions` ENABLE KEYS */;
UNLOCK TABLES;

--
-- Table structure for table `student_answers`
--

DROP TABLE IF EXISTS `student_answers`;
/*!40101 SET @saved_cs_client     = @@character_set_client */;
/*!40101 SET character_set_client = utf8 */;
CREATE TABLE `student_answers` (
  `id` int(11) unsigned NOT NULL AUTO_INCREMENT,
  `rationale` varchar(255) NOT NULL DEFAULT '',
  `question_id` int(11) NOT NULL,
  `user_id` int(11) NOT NULL,
  `rating_id` int(11) NOT NULL,
  `initial_answer_id` int(11) NOT NULL,
  `final_answer_id` int(11) NOT NULL,
  `created_at` datetime NOT NULL,
  `updated_at` datetime NOT NULL,
  `deleted_at` datetime DEFAULT NULL,
  PRIMARY KEY (`id`)
) ENGINE=InnoDB AUTO_INCREMENT=6 DEFAULT CHARSET=utf8;
/*!40101 SET character_set_client = @saved_cs_client */;

--
-- Dumping data for table `student_answers`
--

LOCK TABLES `student_answers` WRITE;
/*!40000 ALTER TABLE `student_answers` DISABLE KEYS */;
INSERT INTO `student_answers` VALUES (1,'JVM stands for the Java Virtual Machine',3,5,2,0,0,'2018-04-29 06:11:58','2018-04-29 06:11:58',NULL),(2,'Java is another word for coffee, so it should run on a coffee machine',2,5,3,0,0,'2018-04-29 06:25:34','2018-04-29 06:25:34',NULL),(3,'It stands for Java Super Machine',4,5,4,2,0,'2018-04-29 12:24:54','2018-04-29 12:24:54',NULL),(4,'It stands for Java Super Machine',4,5,5,2,0,'2018-04-29 12:25:31','2018-04-29 12:25:31',NULL),(5,'It stands for Java Super Machine',4,5,6,2,0,'2018-04-29 12:25:35','2018-04-29 12:25:35',NULL);
/*!40000 ALTER TABLE `student_answers` ENABLE KEYS */;
UNLOCK TABLES;

--
-- Table structure for table `tags`
--

DROP TABLE IF EXISTS `tags`;
/*!40101 SET @saved_cs_client     = @@character_set_client */;
/*!40101 SET character_set_client = utf8 */;
CREATE TABLE `tags` (
  `id` int(11) unsigned NOT NULL AUTO_INCREMENT,
  `name` varchar(255) NOT NULL DEFAULT '',
  `created_at` datetime NOT NULL DEFAULT CURRENT_TIMESTAMP ON UPDATE CURRENT_TIMESTAMP,
  `updated_at` datetime NOT NULL DEFAULT CURRENT_TIMESTAMP ON UPDATE CURRENT_TIMESTAMP,
  `deleted_at` datetime DEFAULT NULL,
  PRIMARY KEY (`id`)
) ENGINE=InnoDB AUTO_INCREMENT=6 DEFAULT CHARSET=utf8;
/*!40101 SET character_set_client = @saved_cs_client */;

--
-- Dumping data for table `tags`
--

LOCK TABLES `tags` WRITE;
/*!40000 ALTER TABLE `tags` DISABLE KEYS */;
INSERT INTO `tags` VALUES (1,'variables','2018-04-29 08:40:47','2018-04-29 08:40:47',NULL),(2,'assignment','2018-04-29 08:40:47','2018-04-29 08:40:47',NULL),(3,'multiplication','2018-04-29 08:40:47','2018-04-29 08:40:47',NULL),(4,'data types','2018-04-29 13:10:31','2018-04-29 13:10:31',NULL),(5,'c','2018-04-29 13:10:31','2018-04-29 13:10:31',NULL);
/*!40000 ALTER TABLE `tags` ENABLE KEYS */;
UNLOCK TABLES;

--
-- Table structure for table `user_class_assoc`
--

DROP TABLE IF EXISTS `user_class_assoc`;
/*!40101 SET @saved_cs_client     = @@character_set_client */;
/*!40101 SET character_set_client = utf8 */;
CREATE TABLE `user_class_assoc` (
  `id` int(11) unsigned NOT NULL AUTO_INCREMENT,
  `user_id` int(11) NOT NULL,
  `class_id` int(11) NOT NULL,
  `created_at` datetime NOT NULL DEFAULT CURRENT_TIMESTAMP,
  `updated_at` datetime NOT NULL DEFAULT CURRENT_TIMESTAMP ON UPDATE CURRENT_TIMESTAMP,
  `deleted_at` datetime DEFAULT NULL,
  PRIMARY KEY (`id`)
) ENGINE=InnoDB AUTO_INCREMENT=28 DEFAULT CHARSET=utf8;
/*!40101 SET character_set_client = @saved_cs_client */;

--
-- Dumping data for table `user_class_assoc`
--

LOCK TABLES `user_class_assoc` WRITE;
/*!40000 ALTER TABLE `user_class_assoc` DISABLE KEYS */;
INSERT INTO `user_class_assoc` VALUES (1,6,3,'2018-04-29 01:52:42','2018-04-29 01:52:42',NULL),(2,5,3,'2018-04-29 01:53:25','2018-04-29 01:53:25',NULL),(3,6,4,'2018-04-29 08:23:33','2018-04-29 08:23:33',NULL),(4,5,0,'2018-04-29 12:01:28','2018-04-29 12:01:28',NULL),(5,5,4,'2018-04-29 12:23:54','2018-04-29 12:23:54',NULL),(6,5,2,'2018-04-29 12:43:14','2018-04-29 12:43:14',NULL),(7,5,2,'2018-04-29 12:43:19','2018-04-29 12:43:19',NULL),(8,5,3,'2018-04-29 12:43:29','2018-04-29 12:43:29',NULL),(9,5,2,'2018-04-29 12:43:44','2018-04-29 12:43:44',NULL),(10,5,2,'2018-04-29 12:43:45','2018-04-29 12:43:45',NULL),(11,5,2,'2018-04-29 12:43:45','2018-04-29 12:43:45',NULL),(12,5,2,'2018-04-29 12:43:45','2018-04-29 12:43:45',NULL),(13,5,2,'2018-04-29 12:43:46','2018-04-29 12:43:46',NULL),(14,5,2,'2018-04-29 12:43:46','2018-04-29 12:43:46',NULL),(15,5,2,'2018-04-29 12:43:46','2018-04-29 12:43:46',NULL),(16,5,2,'2018-04-29 12:43:46','2018-04-29 12:43:46',NULL),(17,5,2,'2018-04-29 12:43:46','2018-04-29 12:43:46',NULL),(18,5,2,'2018-04-29 12:43:48','2018-04-29 12:43:48',NULL),(19,5,3,'2018-04-29 12:43:48','2018-04-29 12:43:48',NULL),(20,5,2,'2018-04-29 12:43:49','2018-04-29 12:43:49',NULL),(21,5,2,'2018-04-29 12:43:50','2018-04-29 12:43:50',NULL),(22,5,2,'2018-04-29 12:43:50','2018-04-29 12:43:50',NULL),(23,5,2,'2018-04-29 12:43:51','2018-04-29 12:43:51',NULL),(24,5,2,'2018-04-29 12:43:51','2018-04-29 12:43:51',NULL),(25,5,2,'2018-04-29 12:43:52','2018-04-29 12:43:52',NULL),(26,5,3,'2018-04-30 00:02:20','2018-04-30 00:02:20',NULL),(27,5,4,'2018-04-30 00:05:33','2018-04-30 00:05:33',NULL);
/*!40000 ALTER TABLE `user_class_assoc` ENABLE KEYS */;
UNLOCK TABLES;

--
-- Table structure for table `users`
--

DROP TABLE IF EXISTS `users`;
/*!40101 SET @saved_cs_client     = @@character_set_client */;
/*!40101 SET character_set_client = utf8 */;
CREATE TABLE `users` (
  `id` int(11) unsigned NOT NULL AUTO_INCREMENT,
  `name` varchar(255) NOT NULL DEFAULT '',
  `email` varchar(255) NOT NULL DEFAULT '',
  `encrypted_password` varchar(255) NOT NULL DEFAULT '',
  `school_id` int(11) NOT NULL,
  `type` varchar(255) NOT NULL DEFAULT '',
  `created_at` datetime NOT NULL DEFAULT CURRENT_TIMESTAMP ON UPDATE CURRENT_TIMESTAMP,
  `updated_at` datetime DEFAULT CURRENT_TIMESTAMP ON UPDATE CURRENT_TIMESTAMP,
  `deleted_at` datetime DEFAULT NULL,
  PRIMARY KEY (`id`)
) ENGINE=InnoDB AUTO_INCREMENT=7 DEFAULT CHARSET=utf8;
/*!40101 SET character_set_client = @saved_cs_client */;

--
-- Dumping data for table `users`
--

LOCK TABLES `users` WRITE;
/*!40000 ALTER TABLE `users` DISABLE KEYS */;
INSERT INTO `users` VALUES (1,'teemo','teemo@gmail.com','$2a$10$0xb8xVRKFUbmsbp2E3tTY.EyntSuDRAu5ksK8CU62PWp./Zs23CrW',0,'prof','2018-04-17 06:50:10','2018-04-17 06:50:10',NULL),(2,'teemo','teemo@gmail.com','$2a$10$.OWPZv4tPXE9HCAkDE6O7OfYp/t3Tk6sEtrGBKdLuokdQRKmqZDay',834,'prof','2018-04-17 06:56:13','2018-04-17 06:56:13',NULL),(3,'Marco Valentino','gvalent2@illinois.edu','$2a$10$IcMTrq15sRWK0iPo7HQ.M.oCeJPbi9zdAyrv.caHwEp6FmLDlKL3G',834,'student','2018-04-26 06:17:31','2018-04-26 06:17:31',NULL),(4,'Marco Valentino','gvalent2@illinois.edu','$2a$10$kpRBERVKqD.J6Kl7ULAd6ejEq4MinrxPZQ6hArkV2oNxhogXypGLK',834,'student','2018-04-26 09:15:49','2018-04-26 09:15:49',NULL),(5,'Student Test','student@illinois.edu','$2a$10$9ux.4CkkIgwamEkkDJS3G.veita5hxPxo/3Mc1pbC8ReOZXLpE7uK',834,'student','2018-04-29 01:38:13','2018-04-29 01:38:13',NULL),(6,'Professor Test','professor@illinois.edu','$2a$10$HoCsqChYb2fXTWESo4iEP.IAP/l.6L.hvlYfEPTO2o7XkFcwOluAW',834,'prof','2018-04-29 01:39:01','2018-04-29 01:39:01',NULL);
/*!40000 ALTER TABLE `users` ENABLE KEYS */;
UNLOCK TABLES;
/*!40103 SET TIME_ZONE=@OLD_TIME_ZONE */;

/*!40101 SET SQL_MODE=@OLD_SQL_MODE */;
/*!40014 SET FOREIGN_KEY_CHECKS=@OLD_FOREIGN_KEY_CHECKS */;
/*!40014 SET UNIQUE_CHECKS=@OLD_UNIQUE_CHECKS */;
/*!40101 SET CHARACTER_SET_CLIENT=@OLD_CHARACTER_SET_CLIENT */;
/*!40101 SET CHARACTER_SET_RESULTS=@OLD_CHARACTER_SET_RESULTS */;
/*!40101 SET COLLATION_CONNECTION=@OLD_COLLATION_CONNECTION */;
/*!40111 SET SQL_NOTES=@OLD_SQL_NOTES */;

-- Dump completed on 2018-04-30  0:28:11
